wheel r v,wheel f v,accel v,brake lever,brake pid,braking,% slip a,% slip f
0,0,0,90,90,0,0,0
0,0,0,90,90,0,0,0
0,0,0,90,90,0,0,0
0,0,0,90,90,0,0,0
0,0,0,90,90,0,0,0
0,0,0,90,90,0,0,0
0,0,0,90,90,0,0,0
0,0,0,90,90,0,0,0
0,0,0,90,90,0,0,0
0,0,0,90,90,0,0,0
0,0,0,90,90,0,0,0
0,0,0,90,90,0,0,0
0,0,0,90,90,0,0,0
0,0,0,90,90,0,0,0
0,0,0,90,90,0,0,0
0,0,0,90,90,0,0,0
0,0,0,90,90,0,0,0
0,0,0,90,90,0,0,0
0,0,0,90,90,0,0,0
0,0,0,90,90,0,0,0
0,0,0,90,90,0,0,0
0,0,0,90,90,0,0,0
0,0,0,90,90,0,0,0
0,0,0,90,90,0,0,0
0,0,0,90,90,0,0,0
0,0,0,90,90,0,0,0
0,0,0,90,90,0,0,0
0,0,0,90,90,0,0,0
0,0,0,90,90,0,0,0
0,0,0,90,90,0,0,0
0,0,0,90,90,0,0,0
0,0,0,90,90,0,0,0
0,0,0,90,90,0,0,0
0,0,0,90,90,0,0,0
0,0,0,90,90,0,0,0
0,0,0,90,90,0,0,0
0,0,0,90,90,0,0,0
0,0,0,90,90,0,0,0
0,0,0,90,90,0,0,0
0,0,0,90,90,0,0,0
0,0,0,90,90,0,0,0
0,0,0,90,90,0,0,0
0,0,0,90,90,0,0,0
0,0,0,90,90,0,0,0
0,0,0,90,90,0,0,0
0,0,0,90,90,0,0,0
0,0,0,90,90,0,0,0
0,0,0,90,90,0,0,0
0,0,0,90,90,0,0,0
0,0,0,90,90,0,0,0
0,0,0,90,90,0,0,0
0,0,0,90,90,0,0,0
0,0,0,90,90,0,0,0
0,0,0,90,90,0,0,0
0,0,0,90,90,0,0,0
0,0,0,90,90,0,0,0
0,0,0,90,90,0,0,0
0,0,0,90,90,0,0,0
0,0,0,90,90,0,0,0
5,0,5,90,90,0,0,0
5,0,5,90,90,0,0,0
5,0,5,90,90,0,0,0
5,0,5,90,90,0,0,0
5,0,5,90,90,0,0,0
5,0,5,90,90,0,0,0
5,0,5,90,90,0,0,0
5,0,5,90,90,0,0,0
5,0,5,90,90,0,0,0
5,0,5,90,90,0,0,0
5,0,5,90,90,0,0,0
5,0,5,90,90,0,0,0
0,0,0,90,90,0,0,0
0,0,0,90,90,0,0,0
0,0,0,90,90,0,0,0
0,0,0,90,90,0,0,0
0,0,0,90,90,0,0,0
0,0,0,90,90,0,0,0
0,0,0,90,90,0,0,0
0,0,0,90,90,0,0,0
0,0,0,90,90,0,0,0
0,0,0,90,90,0,0,0
0,0,0,90,90,0,0,0
0,0,0,90,90,0,0,0
0,0,0,90,90,0,0,0
0,0,0,90,90,0,0,0
0,0,0,90,90,0,0,0
0,0,0,90,90,0,0,0
0,0,0,90,90,0,0,0
0,0,0,90,90,0,0,0
0,0,0,90,90,0,0,0
0,0,0,90,90,0,0,0
0,0,0,90,90,0,0,0
0,0,0,90,90,0,0,0
0,0,0,90,90,0,0,0
0,0,0,90,90,0,0,0
0,0,0,90,90,0,0,0
0,0,0,90,90,0,0,0
0,0,0,90,90,0,0,0
0,0,0,90,90,0,0,0
0,0,0,90,90,0,0,0
0,0,0,90,90,0,0,0
0,0,0,90,90,0,0,0
0,0,0,90,90,0,0,0
0,0,0,90,90,0,0,0
0,0,0,90,90,0,0,0
0,0,0,90,90,0,0,0
0,0,0,90,90,0,0,0
0,0,0,90,90,0,0,0
0,0,0,90,90,0,0,0
0,0,0,90,90,0,0,0
0,0,0,90,90,0,0,0
0,0,0,90,90,0,0,0
0,0,0,90,90,0,0,0
0,0,0,90,90,0,0,0
0,0,0,90,90,0,0,0
0,0,0,90,90,0,0,0
0,0,0,90,90,0,0,0
0,0,0,90,90,0,0,0
0,0,0,90,90,0,0,0
0,0,0,90,90,0,0,0
0,0,0,90,90,0,0,0
0,0,0,90,90,0,0,0
0,0,0,90,90,0,0,0
0,0,0,90,90,0,0,0
0,0,0,90,90,0,0,0
0,0,0,90,90,0,0,0
0,0,0,90,90,0,0,0
0,0,0,90,90,0,0,0
0,0,0,90,90,0,0,0
0,0,0,90,90,0,0,0
0,0,0,90,90,0,0,0
0,0,0,90,90,0,0,0
0,0,0,90,90,0,0,0
0,0,0,90,90,0,0,0
0,0,0,90,90,0,0,0
0,0,0,90,90,0,0,0
0,0,0,90,90,0,0,0
0,0,0,90,90,0,0,0
0,0,0,90,90,0,0,0
0,0,0,90,90,0,0,0
0,0,0,90,90,0,0,0
0,0,0,90,90,0,0,0
0,0,0,90,90,0,0,0
0,0,0,90,90,0,0,0
0,0,0,90,90,0,0,0
0,0,0,90,90,0,0,0
0,0,0,90,90,0,0,0
0,0,0,90,90,0,0,0
0,0,0,90,90,0,0,0
0,0,0,90,90,0,0,0
0,0,0,90,90,0,0,0
0,0,0,90,90,0,0,0
0,0,0,90,90,0,0,0
0,0,0,90,90,0,0,0
0,0,0,90,90,0,0,0
0,0,0,90,90,0,0,0
0,0,0,90,90,0,0,0
0,0,0,90,90,0,0,0
0,0,0,90,90,0,0,0
0,0,0,90,90,0,0,0
0,0,0,90,90,0,0,0
0,0,0,90,90,0,0,0
0,0,0,90,90,0,0,0
0,0,0,90,90,0,0,0
0,0,0,90,90,0,0,0
0,0,0,90,90,0,0,0
0,0,0,90,90,0,0,0
0,0,0,90,90,0,0,0
0,0,0,90,90,0,0,0
0,0,0,90,90,0,0,0
0,0,0,90,90,0,0,0
0,0,0,90,90,0,0,0
0,0,0,90,90,0,0,0
0,0,0,90,90,0,0,0
0,0,0,90,90,0,0,0
0,0,0,90,90,0,0,0
0,0,0,90,90,0,0,0
0,0,0,90,90,0,0,0
0,0,0,90,90,0,0,0
0,0,0,90,90,0,0,0
0,0,0,90,90,0,0,0
0,0,0,90,90,0,0,0
0,0,0,90,90,0,0,0
0,0,0,90,90,0,0,0
0,0,0,90,90,0,0,0
0,0,0,90,90,0,0,0
0,0,0,90,90,0,0,0
0,0,0,90,90,0,0,0
0,0,0,90,90,0,0,0
0,0,0,90,90,0,0,0
0,0,0,90,90,0,0,0
0,0,0,90,90,0,0,0
0,0,0,90,90,0,0,0
0,0,0,90,90,0,0,0
0,0,0,90,90,0,0,0
0,0,0,90,90,0,0,0
0,0,0,90,90,0,0,0
0,0,0,90,90,0,0,0
0,0,0,90,90,0,0,0
0,0,0,90,90,0,0,0
0,0,0,90,90,0,0,0
0,0,0,90,90,0,0,0
0,0,0,90,90,0,0,0
0,0,0,90,90,0,0,0
0,0,0,90,90,0,0,0
0,0,0,90,90,0,0,0
0,0,0,90,90,0,0,0
0,0,0,90,90,0,0,0
0,0,0,90,90,0,0,0
0,4,0,90,90,0,0,100
0,4,0,90,90,0,0,100
0,4,0,90,90,0,0,100
0,4,0,90,90,0,0,100
0,4,0,90,90,0,0,100
0,4,0,90,90,0,0,100
0,4,0,90,90,0,0,100
0,4,0,90,90,0,0,100
0,4,0,90,90,0,0,100
0,4,0,90,90,0,0,100
0,4,0,90,90,0,0,100
0,4,0,90,90,0,0,100
0,4,0,90,90,0,0,100
0,4,0,90,90,0,0,100
0,4,0,90,90,0,0,100
0,4,0,90,90,0,0,100
0,4,0,90,90,0,0,100
0,4,0,90,90,0,0,100
0,4,0,90,90,0,0,100
0,4,0,90,90,0,0,100
0,4,0,90,90,0,0,100
0,4,0,90,90,0,0,100
0,4,0,90,90,0,0,100
0,4,0,90,90,0,0,100
0,0,0,90,90,0,0,0
0,0,0,90,90,0,0,0
0,0,0,90,90,0,0,0
0,0,0,90,90,0,0,0
0,0,0,90,90,0,0,0
0,0,0,90,90,0,0,0
0,0,0,90,90,0,0,0
0,0,0,90,90,0,0,0
0,0,0,90,90,0,0,0
0,0,0,90,90,0,0,0
0,0,0,90,90,0,0,0
0,0,0,90,90,0,0,0
0,0,0,90,90,0,0,0
0,0,0,90,90,0,0,0
0,0,0,90,90,0,0,0
0,0,0,90,90,0,0,0
0,0,0,90,90,0,0,0
0,0,0,90,90,0,0,0
0,0,0,90,90,0,0,0
0,0,0,90,90,0,0,0
0,0,0,90,90,0,0,0
3,0,3,90,90,0,0,0
3,0,3,90,90,0,0,0
3,0,3,90,90,0,0,0
3,0,3,90,90,0,0,0
3,0,3,90,90,0,0,0
3,0,3,90,90,0,0,0
3,0,3,90,90,0,0,0
3,0,3,90,90,0,0,0
3,0,3,90,90,0,0,0
3,0,3,90,90,0,0,0
3,0,3,90,90,0,0,0
3,0,3,90,90,0,0,0
3,0,3,90,90,0,0,0
0,0,0,90,90,0,0,0
0,0,0,90,90,0,0,0
0,0,0,90,90,0,0,0
0,0,0,90,90,0,0,0
0,0,0,90,90,0,0,0
0,0,0,90,90,0,0,0
0,0,0,90,90,0,0,0
0,0,0,90,90,0,0,0
0,0,0,90,90,0,0,0
0,0,0,90,90,0,0,0
0,0,0,90,90,0,0,0
0,0,0,90,90,0,0,0
0,0,0,90,90,0,0,0
0,0,0,90,90,0,0,0
0,0,0,90,90,0,0,0
0,0,0,90,90,0,0,0
0,0,0,90,90,0,0,0
0,0,0,90,90,0,0,0
0,0,0,90,90,0,0,0
0,0,0,90,90,0,0,0
0,0,0,90,90,0,0,0
0,0,0,90,90,0,0,0
0,0,0,90,90,0,0,0
0,0,0,90,90,0,0,0
0,0,0,90,90,0,0,0
0,0,0,90,90,0,0,0
0,0,0,90,90,0,0,0
0,0,0,90,90,0,0,0
0,0,0,90,90,0,0,0
0,0,0,90,90,0,0,0
0,0,0,90,90,0,0,0
0,0,0,90,90,0,0,0
0,0,0,90,90,0,0,0
0,0,0,90,90,0,0,0
0,0,0,90,90,0,0,0
0,0,0,90,90,0,0,0
0,0,0,90,90,0,0,0
0,0,0,90,90,0,0,0
0,0,0,90,90,0,0,0
0,0,0,90,90,0,0,0
0,0,0,90,90,0,0,0
0,0,0,90,90,0,0,0
0,0,0,90,90,0,0,0
0,0,0,90,90,0,0,0
0,0,0,90,90,0,0,0
0,0,0,90,90,0,0,0
0,0,0,90,90,0,0,0
0,0,0,90,90,0,0,0
0,0,0,90,90,0,0,0
0,0,0,90,90,0,0,0
0,0,0,90,90,0,0,0
0,0,0,90,90,0,0,0
0,0,0,90,90,0,0,0
0,0,0,90,90,0,0,0
0,0,0,90,90,0,0,0
0,0,0,90,90,0,0,0
0,0,0,90,90,0,0,0
0,0,0,90,90,0,0,0
0,0,0,90,90,0,0,0
0,0,0,90,90,0,0,0
0,0,0,90,90,0,0,0
0,0,0,90,90,0,0,0
0,0,0,90,90,0,0,0
0,0,0,90,90,0,0,0
0,0,0,90,90,0,0,0
0,0,0,90,90,0,0,0
0,0,0,90,90,0,0,0
0,0,0,90,90,0,0,0
0,0,0,90,90,0,0,0
0,0,0,90,90,0,0,0
0,0,0,90,90,0,0,0
0,0,0,90,90,0,0,0
0,0,0,90,90,0,0,0
0,0,0,90,90,0,0,0
0,0,0,90,90,0,0,0
0,0,0,90,90,0,0,0
0,0,0,90,90,0,0,0
0,0,0,90,90,0,0,0
0,0,0,90,90,0,0,0
0,0,0,90,90,0,0,0
0,0,0,90,90,0,0,0
0,0,0,90,90,0,0,0
0,0,0,90,90,0,0,0
0,0,0,90,90,0,0,0
0,0,0,90,90,0,0,0
0,0,0,90,90,0,0,0
0,0,0,90,90,0,0,0
0,0,0,90,90,0,0,0
0,0,0,90,90,0,0,0
0,0,0,90,90,0,0,0
0,0,0,90,90,0,0,0
0,0,0,90,90,0,0,0
0,0,0,90,90,0,0,0
0,0,0,90,90,0,0,0
0,0,0,90,90,0,0,0
0,0,0,90,90,0,0,0
0,0,0,90,90,0,0,0
0,0,0,90,90,0,0,0
0,0,0,90,90,0,0,0
0,7,0,90,90,0,0,100
0,7,0,90,90,0,0,100
0,7,0,90,90,0,0,100
0,7,0,90,90,0,0,100
0,7,0,90,90,0,0,100
0,7,0,90,90,0,0,100
0,7,0,90,90,0,0,100
0,7,0,90,90,0,0,100
0,7,0,90,90,0,0,100
0,7,0,90,90,0,0,100
0,7,0,90,90,0,0,100
0,7,0,90,90,0,0,100
0,7,0,90,90,0,0,100
0,7,0,90,90,0,0,100
0,7,0,90,90,0,0,100
0,7,0,90,90,0,0,100
0,7,0,90,90,0,0,100
0,7,0,90,90,0,0,100
0,65,0,90,90,0,0,100
0,65,0,90,90,0,0,100
0,65,0,90,90,0,0,100
0,65,0,90,90,0,0,100
0,65,0,90,90,0,0,100
0,65,0,90,90,0,0,100
0,65,0,90,90,0,0,100
0,65,0,90,90,0,0,100
0,65,0,90,90,0,0,100
0,65,0,90,90,0,0,100
0,65,0,90,90,0,0,100
0,65,0,90,90,0,0,100
0,65,0,90,90,0,0,100
0,65,0,90,90,0,0,100
0,65,0,90,90,0,0,100
0,65,0,90,90,0,0,100
0,65,0,90,90,0,0,100
0,65,0,90,90,0,0,100
4,65,4,90,90,0,0,93.84615385
4,65,4,90,90,0,0,93.84615385
4,65,4,90,90,0,0,93.84615385
4,65,4,90,90,0,0,93.84615385
4,65,4,90,90,0,0,93.84615385
4,65,4,90,90,0,0,93.84615385
4,65,4,90,90,0,0,93.84615385
4,0,4,90,90,0,0,0
4,0,4,90,90,0,0,0
4,0,4,90,90,0,0,0
4,0,4,90,90,0,0,0
4,0,4,90,90,0,0,0
0,0,0,90,90,0,0,0
0,0,0,90,90,0,0,0
0,0,0,90,90,0,0,0
0,0,0,90,90,0,0,0
0,0,0,90,90,0,0,0
0,0,0,90,90,0,0,0
0,0,0,90,90,0,0,0
0,0,0,90,90,0,0,0
0,0,0,90,90,0,0,0
0,0,0,90,90,0,0,0
0,0,0,90,90,0,0,0
0,29,0,90,90,0,0,100
0,29,0,90,90,0,0,100
0,29,0,90,90,0,0,100
0,29,0,90,90,0,0,100
0,29,0,90,90,0,0,100
0,29,0,90,90,0,0,100
0,29,0,90,90,0,0,100
0,29,0,90,90,0,0,100
0,29,0,90,90,0,0,100
18,29,18,90,90,0,0,37.93103448
18,29,18,90,90,0,0,37.93103448
18,29,18,90,90,0,0,37.93103448
18,29,18,90,90,0,0,37.93103448
18,29,18,90,90,0,0,37.93103448
18,29,18,90,90,0,0,37.93103448
18,29,18,90,90,0,0,37.93103448
18,29,18,90,90,0,0,37.93103448
18,29,18,90,90,0,0,37.93103448
18,29,18,90,90,0,0,37.93103448
57,29,57,90,90,0,0,-96.55172414
57,29,57,90,90,0,0,-96.55172414
57,29,57,90,90,0,0,-96.55172414
57,29,57,90,90,0,0,-96.55172414
57,29,57,90,90,0,0,-96.55172414
57,29,57,90,90,0,0,-96.55172414
57,0,57,90,90,0,0,0
57,0,57,90,90,0,0,0
57,0,57,90,90,0,0,0
57,0,57,90,90,0,0,0
57,0,57,90,90,0,0,0
57,0,57,90,90,0,0,0
57,0,57,90,90,0,0,0
0,0,0,90,90,0,0,0
0,0,0,90,90,0,0,0
0,0,0,90,90,0,0,0
0,0,0,90,90,0,0,0
0,0,0,90,90,0,0,0
0,0,0,90,90,0,0,0
0,0,0,90,90,0,0,0
0,0,0,90,90,0,0,0
0,0,0,90,90,0,0,0
0,0,0,90,90,0,0,0
0,0,0,90,90,0,0,0
0,0,0,90,90,0,0,0
0,0,0,90,90,0,0,0
0,0,0,90,90,0,0,0
0,0,0,90,90,0,0,0
0,0,0,90,90,0,0,0
0,0,0,90,90,0,0,0
0,0,0,90,90,0,0,0
0,0,0,90,90,0,0,0
0,0,0,90,90,0,0,0
0,0,0,90,90,0,0,0
0,0,0,90,90,0,0,0
0,0,0,90,90,0,0,0
0,0,0,90,90,0,0,0
0,0,0,90,90,0,0,0
0,0,0,90,90,0,0,0
0,0,0,90,90,0,0,0
14,0,14,90,90,0,0,0
14,0,14,90,90,0,0,0
14,0,14,90,90,0,0,0
14,0,14,90,90,0,0,0
14,0,14,90,90,0,0,0
14,0,14,90,90,0,0,0
14,0,14,90,90,0,0,0
14,0,14,90,90,0,0,0
14,0,14,90,90,0,0,0
14,0,14,90,90,0,0,0
14,0,14,90,90,0,0,0
14,0,14,90,90,0,0,0
14,0,14,90,90,0,0,0
14,0,14,90,90,0,0,0
0,0,0,90,90,0,0,0
0,0,0,90,90,0,0,0
0,0,0,90,90,0,0,0
0,0,0,90,90,0,0,0
0,0,0,90,90,0,0,0
0,0,0,90,90,0,0,0
0,0,0,90,90,0,0,0
0,0,0,90,90,0,0,0
0,0,0,90,90,0,0,0
0,0,0,90,90,0,0,0
0,0,0,90,90,0,0,0
0,0,0,90,90,0,0,0
0,0,0,90,90,0,0,0
0,0,0,90,90,0,0,0
0,0,0,90,90,0,0,0
0,0,0,90,90,0,0,0
0,0,0,90,90,0,0,0
0,0,0,90,90,0,0,0
0,0,0,90,90,0,0,0
0,0,0,90,90,0,0,0
17,0,17,90,90,0,0,0
17,0,17,90,90,0,0,0
17,0,17,90,90,0,0,0
17,0,17,90,90,0,0,0
17,0,17,90,90,0,0,0
17,0,17,90,90,0,0,0
17,0,17,90,90,0,0,0
94,0,94,90,90,0,0,0
94,0,94,90,90,0,0,0
94,0,94,90,90,0,0,0
94,0,94,90,90,0,0,0
94,0,94,90,90,0,0,0
94,0,94,90,90,0,0,0
94,0,94,90,90,0,0,0
94,0,94,90,90,0,0,0
94,0,94,90,90,0,0,0
65,0,65,90,90,0,0,0
65,0,65,90,90,0,0,0
65,0,65,90,90,0,0,0
65,0,65,90,90,0,0,0
65,0,65,90,90,0,0,0
65,10,65,90,90,0,0,-550
65,10,65,90,90,0,0,-550
81,10,81,90,90,0,0,-710
81,10,81,90,90,0,0,-710
81,10,81,90,90,0,0,-710
81,10,81,90,90,0,0,-710
81,10,81,90,90,0,0,-710
81,10,81,90,90,0,0,-710
81,10,81,90,90,0,0,-710
81,10,81,90,90,0,0,-710
81,10,81,90,90,0,0,-710
81,10,81,90,90,0,0,-710
81,10,81,90,90,0,0,-710
81,10,81,90,90,0,0,-710
81,10,81,90,90,0,0,-710
81,10,81,90,90,0,0,-710
42,10,42,90,90,0,0,-320
42,10,42,90,90,0,0,-320
42,10,42,90,90,0,0,-320
42,62,42,90,90,0,0,32.25806452
42,62,42,90,90,0,0,32.25806452
42,62,42,90,90,0,0,32.25806452
42,62,42,90,90,0,0,32.25806452
42,62,42,90,90,0,0,32.25806452
42,62,42,90,90,0,0,32.25806452
42,62,42,90,90,0,0,32.25806452
42,62,42,90,90,0,0,32.25806452
42,62,42,90,90,0,0,32.25806452
42,62,42,90,90,0,0,32.25806452
45,62,45,90,90,0,0,27.41935484
45,62,45,90,90,0,0,27.41935484
45,62,45,90,90,0,0,27.41935484
45,62,45,90,90,0,0,27.41935484
45,62,45,90,90,0,0,27.41935484
45,62,45,90,90,0,0,27.41935484
45,62,45,90,90,0,0,27.41935484
45,62,45,90,90,0,0,27.41935484
45,62,45,90,90,0,0,27.41935484
45,62,45,90,90,0,0,27.41935484
45,62,45,90,90,0,0,27.41935484
45,62,45,90,90,0,0,27.41935484
51,62,51,90,90,0,0,17.74193548
51,62,51,90,90,0,0,17.74193548
51,62,51,90,90,0,0,17.74193548
51,62,51,90,90,0,0,17.74193548
51,62,51,90,90,0,0,17.74193548
51,62,51,90,90,0,0,17.74193548
51,62,51,90,90,0,0,17.74193548
51,62,51,90,90,0,0,17.74193548
73,62,73,90,90,0,0,-17.74193548
73,62,73,90,90,0,0,-17.74193548
73,92,73,90,90,0,0,20.65217391
73,92,73,90,90,0,0,20.65217391
73,92,73,90,90,0,0,20.65217391
73,92,73,90,90,0,0,20.65217391
73,92,73,90,90,0,0,20.65217391
73,92,73,90,90,0,0,20.65217391
73,92,73,90,90,0,0,20.65217391
73,92,73,90,90,0,0,20.65217391
73,92,73,90,90,0,0,20.65217391
73,92,73,90,90,0,0,20.65217391
73,92,73,90,90,0,0,20.65217391
73,92,73,90,90,0,0,20.65217391
0,92,0,90,90,0,0,100
0,92,0,90,90,0,0,100
0,92,0,90,90,0,0,100
0,92,0,90,90,0,0,100
0,92,0,90,90,0,0,100
0,92,0,90,90,0,0,100
0,92,0,90,90,0,0,100
0,92,0,90,90,0,0,100
0,92,0,90,90,0,0,100
0,92,0,90,90,0,0,100
0,92,0,90,90,0,0,100
0,92,0,90,90,0,0,100
0,0,0,90,90,0,0,0
0,46,0,90,90,0,0,100
0,46,0,90,90,0,0,100
0,46,0,90,90,0,0,100
0,46,0,90,90,0,0,100
0,46,0,90,90,0,0,100
0,46,0,90,90,0,0,100
18,46,18,90,90,0,0,60.86956522
18,46,18,90,90,0,0,60.86956522
18,46,18,90,90,0,0,60.86956522
18,46,18,90,90,0,0,60.86956522
18,46,18,90,90,0,0,60.86956522
18,46,18,90,90,0,0,60.86956522
18,46,18,90,90,0,0,60.86956522
18,46,18,90,90,0,0,60.86956522
18,46,18,90,90,0,0,60.86956522
18,46,18,90,90,0,0,60.86956522
18,46,18,90,90,0,0,60.86956522
18,46,18,90,90,0,0,60.86956522
0,46,0,90,90,0,0,100
0,46,0,90,90,0,0,100
0,46,0,90,90,0,0,100
0,46,0,90,90,0,0,100
0,46,0,90,90,0,0,100
0,46,0,90,90,0,0,100
0,46,0,90,90,0,0,100
0,0,0,90,90,0,0,0
0,0,0,90,90,0,0,0
0,0,0,90,90,0,0,0
0,0,0,90,90,0,0,0
0,0,0,90,90,0,0,0
0,0,0,90,90,0,0,0
0,0,0,90,90,0,0,0
0,0,0,90,90,0,0,0
0,0,0,90,90,0,0,0
0,0,0,90,90,0,0,0
0,0,0,90,90,0,0,0
0,0,0,90,90,0,0,0
0,0,0,90,90,0,0,0
0,0,0,90,90,0,0,0
0,0,0,90,90,0,0,0
0,0,0,90,90,0,0,0
0,0,0,90,90,0,0,0
0,0,0,90,90,0,0,0
0,0,0,90,90,0,0,0
0,0,0,90,90,0,0,0
0,0,0,90,90,0,0,0
0,0,0,90,90,0,0,0
0,0,0,90,90,0,0,0
0,0,0,90,90,0,0,0
0,0,0,90,90,0,0,0
0,0,0,90,90,0,0,0
0,0,0,90,90,0,0,0
0,0,0,90,90,0,0,0
0,0,0,90,90,0,0,0
0,0,0,90,90,0,0,0
0,0,0,90,90,0,0,0
0,0,0,90,90,0,0,0
0,0,0,90,90,0,0,0
0,0,0,90,90,0,0,0
0,0,0,90,90,0,0,0
0,0,0,90,90,0,0,0
10,0,10,90,90,0,0,0
10,0,10,90,90,0,0,0
10,0,10,90,90,0,0,0
10,0,10,90,90,0,0,0
10,0,10,90,90,0,0,0
10,0,10,90,90,0,0,0
10,0,10,90,90,0,0,0
10,0,10,90,90,0,0,0
10,0,10,90,90,0,0,0
10,0,10,90,90,0,0,0
10,0,10,90,90,0,0,0
10,0,10,90,90,0,0,0
0,0,0,90,90,0,0,0
0,0,0,90,90,0,0,0
0,0,0,90,90,0,0,0
0,0,0,90,90,0,0,0
0,0,0,90,90,0,0,0
0,0,0,90,90,0,0,0
0,0,0,90,90,0,0,0
0,0,0,90,90,0,0,0
0,0,0,90,90,0,0,0
0,0,0,90,90,0,0,0
0,0,0,90,90,0,0,0
0,0,0,90,90,0,0,0
0,0,0,90,90,0,0,0
0,0,0,90,90,0,0,0
0,0,0,90,90,0,0,0
0,0,0,90,90,0,0,0
0,0,0,90,90,0,0,0
0,0,0,90,90,0,0,0
0,0,0,90,90,0,0,0
0,0,0,90,90,0,0,0
0,0,0,90,90,0,0,0
0,0,0,90,90,0,0,0
0,0,0,90,90,0,0,0
0,0,0,90,90,0,0,0
0,0,0,90,90,0,0,0
0,0,0,90,90,0,0,0
0,0,0,90,90,0,0,0
0,0,0,90,90,0,0,0
0,0,0,90,90,0,0,0
0,0,0,90,90,0,0,0
14,0,14,90,90,0,0,0
14,0,14,90,90,0,0,0
14,0,14,90,90,0,0,0
14,0,14,90,90,0,0,0
14,0,14,90,90,0,0,0
14,0,14,90,90,0,0,0
14,11,14,90,90,0,0,-27.27272727
14,11,14,90,90,0,0,-27.27272727
14,11,14,90,90,0,0,-27.27272727
14,11,14,90,90,0,0,-27.27272727
14,11,14,90,90,0,0,-27.27272727
14,11,14,90,90,0,0,-27.27272727
14,11,14,90,90,0,0,-27.27272727
0,11,0,90,90,0,0,100
41,11,41,90,90,0,0,-272.7272727
41,11,41,90,90,0,0,-272.7272727
41,11,41,90,90,0,0,-272.7272727
41,106,41,90,90,0,0,61.32075472
41,106,41,90,90,0,0,61.32075472
41,106,41,90,90,0,0,61.32075472
109,106,109,90,90,0,0,-2.830188679
109,106,109,90,90,0,0,-2.830188679
109,249,109,90,90,0,0,56.2248996
109,249,109,90,90,0,0,56.2248996
109,249,109,90,90,0,0,56.2248996
123,249,123,90,90,0,0,50.60240964
123,249,123,90,90,0,0,50.60240964
123,223,123,90,90,0,0,44.84304933
123,223,123,90,90,0,0,44.84304933
125,223,125,90,90,0,0,43.94618834
125,223,125,90,90,0,0,43.94618834
125,223,125,90,90,0,0,43.94618834
125,268,125,90,90,0,0,53.35820896
125,268,125,90,90,0,0,53.35820896
130,268,130,90,90,0,0,51.49253731
130,268,130,90,90,0,0,51.49253731
130,291,130,90,90,0,0,55.32646048
130,291,130,90,90,0,0,55.32646048
129,291,130,90,90,0,0.769230769,55.67010309
129,291,129,90,90,0,0,55.67010309
129,305,129,90,90,0,0,57.70491803
129,305,129,90,90,0,0,57.70491803
129,305,129,90,90,0,0,57.70491803
119,305,129,90,90,0,7.751937984,60.98360656
119,297,119,90,90,0,0,59.93265993
119,297,119,90,90,0,0,59.93265993
119,297,119,90,90,0,0,59.93265993
119,297,119,90,90,0,0,59.93265993
138,309,138,90,90,0,0,55.33980583
138,309,138,90,90,0,0,55.33980583
138,309,138,90,90,0,0,55.33980583
138,309,138,90,90,0,0,55.33980583
139,309,139,90,90,0,0,55.01618123
139,227,139,90,90,0,0,38.76651982
139,227,139,90,90,0,0,38.76651982
139,227,139,90,90,0,0,38.76651982
152,227,152,90,90,0,0,33.03964758
152,227,152,90,90,0,0,33.03964758
152,227,152,90,90,0,0,33.03964758
152,227,152,90,90,0,0,33.03964758
153,180,153,90,90,0,0,15
153,180,153,90,90,0,0,15
153,180,153,90,90,0,0,15
153,180,153,90,90,0,0,15
139,180,139,90,90,0,0,22.77777778
139,180,139,90,90,0,0,22.77777778
139,180,139,90,90,0,0,22.77777778
139,180,139,90,90,0,0,22.77777778
159,148,159,90,90,0,0,-7.432432432
159,148,159,90,90,0,0,-7.432432432
159,148,159,90,90,0,0,-7.432432432
171,148,171,90,90,0,0,-15.54054054
171,148,171,90,90,0,0,-15.54054054
171,148,171,90,90,0,0,-15.54054054
171,175,171,90,90,0,0,2.285714286
178,175,178,90,90,0,0,-1.714285714
178,175,178,90,90,0,0,-1.714285714
178,175,178,90,90,0,0,-1.714285714
167,175,167,90,90,0,0,4.571428571
167,175,167,90,90,0,0,4.571428571
167,175,167,90,90,0,0,4.571428571
167,182,167,90,90,0,0,8.241758242
174,182,174,90,90,0,0,4.395604396
174,182,174,90,90,0,0,4.395604396
174,182,174,90,90,0,0,4.395604396
193,182,193,90,90,0,0,-6.043956044
193,232,193,90,90,0,0,16.81034483
193,232,193,90,90,0,0,16.81034483
204,232,204,90,90,0,0,12.06896552
204,232,204,90,90,0,0,12.06896552
229,232,204,90,90,0,-12.25490196,1.293103448
229,262,229,90,90,0,0,12.59541985
229,262,229,90,90,0,0,12.59541985
236,262,236,90,90,0,0,9.923664122
236,262,236,90,90,0,0,9.923664122
249,289,249,90,90,0,0,13.84083045
249,289,249,90,90,0,0,13.84083045
274,289,274,90,90,0,0,5.190311419
274,331,274,90,90,0,0,17.22054381
274,331,274,90,90,0,0,17.22054381
285,331,285,90,90,0,0,13.89728097
285,331,285,90,90,0,0,13.89728097
277,322,277,90,90,0,0,13.97515528
277,322,277,90,90,0,0,13.97515528
274,322,274,90,90,0,0,14.9068323
274,322,274,90,90,0,0,14.9068323
274,292,274,90,90,0,0,6.164383562
274,292,274,90,90,0,0,6.164383562
268,292,268,90,90,0,0,8.219178082
268,292,268,90,90,0,0,8.219178082
281,287,281,90,90,0,0,2.090592334
281,287,281,90,90,0,0,2.090592334
281,287,281,90,90,0,0,2.090592334
275,287,275,90,90,0,0,4.181184669
275,287,275,90,90,0,0,4.181184669
273,276,273,90,90,0,0,1.086956522
273,276,273,90,90,0,0,1.086956522
264,276,264,90,90,0,0,4.347826087
264,276,264,90,90,0,0,4.347826087
269,272,269,90,90,0,0,1.102941176
269,272,269,90,90,0,0,1.102941176
269,272,269,90,90,0,0,1.102941176
258,272,258,90,90,0,0,5.147058824
258,272,258,90,90,0,0,5.147058824
255,263,255,90,90,0,0,3.041825095
255,263,255,90,90,0,0,3.041825095
267,263,267,90,90,0,0,-1.520912548
267,263,267,90,90,0,0,-1.520912548
261,276,261,90,90,0,0,5.434782609
261,276,261,90,90,0,0,5.434782609
284,276,284,90,90,0,0,-2.898550725
284,276,284,90,90,0,0,-2.898550725
311,324,284,90,90,0,-9.507042254,4.012345679
311,324,311,90,90,0,0,4.012345679
320,324,320,90,90,0,0,1.234567901
320,349,320,90,90,0,0,8.309455587
312,349,312,90,90,0,0,10.6017192
312,349,312,90,90,0,0,10.6017192
324,342,324,90,90,0,0,5.263157895
324,342,324,90,90,0,0,5.263157895
319,342,319,90,90,0,0,6.725146199
319,342,319,90,90,0,0,6.725146199
313,331,313,90,90,0,0,5.438066465
313,331,313,90,90,0,0,5.438066465
323,331,323,90,90,0,0,2.416918429
323,331,323,90,90,0,0,2.416918429
308,324,308,90,90,0,0,4.938271605
313,324,313,90,90,0,0,3.395061728
313,324,313,90,90,0,0,3.395061728
304,324,313,90,90,0,2.875399361,6.172839506
304,324,304,90,90,0,0,6.172839506
304,324,304,90,90,0,0,6.172839506
304,324,304,90,90,0,0,6.172839506
302,325,302,90,90,0,0,7.076923077
302,325,302,90,90,0,0,7.076923077
297,325,297,90,90,0,0,8.615384615
297,325,297,90,90,0,0,8.615384615
298,313,298,90,90,0,0,4.792332268
298,313,298,90,90,0,0,4.792332268
293,313,293,90,90,0,0,6.389776358
293,313,293,90,90,0,0,6.389776358
294,300,294,90,90,0,0,2
294,300,294,90,90,0,0,2
294,300,294,90,90,0,0,2
294,300,294,90,90,0,0,2
294,305,294,90,90,0,0,3.606557377
291,305,291,90,90,0,0,4.590163934
291,305,291,90,90,0,0,4.590163934
281,305,281,90,90,0,0,7.868852459
281,304,281,90,90,0,0,7.565789474
294,304,294,90,90,0,0,3.289473684
294,304,294,90,90,0,0,3.289473684
290,304,290,90,90,0,0,4.605263158
290,300,290,90,90,0,0,3.333333333
303,300,303,90,90,0,0,-1
303,300,303,90,90,0,0,-1
327,334,327,90,90,0,0,2.095808383
332,334,332,90,90,0,0,0.598802395
332,334,332,90,90,0,0,0.598802395
341,334,341,90,90,0,0,-2.095808383
341,351,341,90,90,0,0,2.849002849
323,351,323,90,90,0,0,7.977207977
323,351,323,90,90,0,0,7.977207977
347,343,347,90,90,0,0,-1.166180758
347,343,347,90,90,0,0,-1.166180758
347,343,347,90,90,0,0,-1.166180758
337,343,337,90,90,0,0,1.749271137
337,342,337,90,90,0,0,1.461988304
350,342,350,90,90,0,0,-2.339181287
350,342,350,90,90,0,0,-2.339181287
344,354,344,90,90,0,0,2.824858757
352,354,352,90,90,0,0,0.564971751
352,354,352,90,90,0,0,0.564971751
365,370,365,90,90,0,0,1.351351351
365,370,365,90,90,0,0,1.351351351
372,370,372,90,90,0,0,-0.540540541
353,370,353,90,90,0,0,4.594594595
353,370,353,90,90,0,0,4.594594595
374,370,374,90,90,0,0,-1.081081081
370,370,370,90,90,0,0,0
370,368,370,90,90,0,0,-0.543478261
368,368,368,90,90,0,0,0
368,368,368,90,90,0,0,0
384,378,384,90,90,0,0,-1.587301587
379,378,379,90,90,0,0,-0.264550265
379,378,379,90,90,0,0,-0.264550265
386,390,386,90,90,0,0,1.025641026
381,390,381,90,90,0,0,2.307692308
381,390,381,90,90,0,0,2.307692308
389,389,389,90,90,0,0,0
393,389,393,90,90,0,0,-1.028277635
393,389,393,90,90,0,0,-1.028277635
406,403,406,90,90,0,0,-0.744416873
415,403,415,90,90,0,0,-2.977667494
415,403,415,90,90,0,0,-2.977667494
401,413,401,90,90,0,0,2.905569007
405,413,405,90,90,0,0,1.937046005
405,413,405,90,90,0,0,1.937046005
405,407,405,90,90,0,0,0.491400491
405,407,405,90,90,0,0,0.491400491
405,407,405,90,90,0,0,0.491400491
386,400,386,90,90,0,0,3.5
410,400,410,90,90,0,0,-2.5
410,400,410,90,90,0,0,-2.5
407,407,407,90,90,0,0,0
401,407,401,90,90,0,0,1.474201474
401,407,403,126,90,1,0.496277916,1.474201474
420,422,408,141,90,1,-2.941176471,0.473933649
423,422,408,156,141,1,-3.676470588,-0.236966825
429,447,403,162,141,1,-6.451612903,4.026845638
429,447,405,170,162,1,-5.925925926,4.026845638
414,447,407,171,162,1,-1.71990172,7.382550336
406,431,388,171,162,1,-4.639175258,5.800464037
406,431,383,169,171,1,-6.005221932,5.800464037
380,431,378,158,169,1,-0.529100529,11.83294664
371,396,378,125,158,1,1.851851852,6.313131313
371,396,371,90,125,0,0,6.313131313
378,396,378,90,90,0,0,4.545454545
378,389,378,90,90,0,0,2.827763496
385,389,385,90,90,0,0,1.028277635
392,389,392,90,90,0,0,-0.771208226
392,393,392,90,90,0,0,0.254452926
389,393,389,90,90,0,0,1.017811705
407,393,407,90,90,0,0,-3.562340967
407,406,407,90,90,0,0,-0.246305419
401,406,401,90,90,0,0,1.231527094
412,406,412,90,90,0,0,-1.477832512
412,404,412,90,90,0,0,-1.98019802
397,404,397,90,90,0,0,1.732673267
387,404,387,90,90,0,0,4.207920792
387,395,387,90,90,0,0,2.025316456
403,395,403,90,90,0,0,-2.025316456
397,395,397,90,90,0,0,-0.506329114
397,408,397,90,90,0,0,2.696078431
408,408,408,90,90,0,0,0
410,408,410,90,90,0,0,-0.490196078
420,413,410,90,90,0,-2.43902439,-1.694915254
420,413,420,90,90,0,0,-1.694915254
416,413,416,90,90,0,0,-0.726392252
419,419,419,90,90,0,0,0
419,419,419,90,90,0,0,0
432,435,432,90,90,0,0,0.689655172
431,435,431,90,90,0,0,0.91954023
443,435,443,90,90,0,0,-1.83908046
443,448,443,90,90,0,0,1.116071429
443,448,443,90,90,0,0,1.116071429
451,448,451,90,90,0,0,-0.669642857
448,456,451,90,90,0,0.66518847,1.754385965
448,456,448,90,90,0,0,1.754385965
489,482,489,90,90,0,0,-1.452282158
487,482,487,90,90,0,0,-1.037344398
471,482,471,90,90,0,0,2.282157676
483,481,483,90,90,0,0,-0.415800416
483,481,483,90,90,0,0,-0.415800416
474,486,474,90,90,0,0,2.469135802
473,486,473,90,90,0,0,2.674897119
443,486,443,90,90,0,0,8.847736626
443,448,443,90,90,0,0,1.116071429
418,448,418,90,90,0,0,6.696428571
382,448,382,90,90,0,0,14.73214286
382,393,382,90,90,0,0,2.798982188
381,393,381,90,90,0,0,3.053435115
437,443,437,90,90,0,0,1.354401806
487,443,437,90,90,0,-11.4416476,-9.93227991
540,443,540,90,90,0,0,-21.89616253
573,540,540,90,90,0,-6.111111111,-6.111111111
573,540,573,90,90,0,0,-6.111111111
590,586,590,90,90,0,0,-0.682593857
4035,586,4035,90,90,0,0,-588.5665529
675,581,675,90,90,0,0,-16.17900172
549,581,549,90,90,0,0,5.507745267
524,561,524,90,90,0,0,6.595365419
532,561,532,90,90,0,0,5.169340463
516,564,516,90,90,0,0,8.510638298
522,564,522,90,90,0,0,7.446808511
522,541,522,90,90,0,0,3.512014787
522,541,522,90,90,0,0,3.512014787
539,541,539,90,90,0,0,0.369685767
543,541,543,90,90,0,0,-0.369685767
559,584,559,90,90,0,0,4.280821918
579,584,579,90,90,0,0,0.856164384
562,584,562,90,90,0,0,3.767123288
562,579,562,90,90,0,0,2.936096718
564,579,564,90,90,0,0,2.590673575
568,567,568,90,90,0,0,-0.176366843
540,567,540,90,90,0,0,4.761904762
558,558,558,90,90,0,0,0
544,558,544,90,90,0,0,2.508960573
522,540,522,90,90,0,0,3.333333333
527,540,522,90,90,0,-0.957854406,2.407407407
527,531,527,90,90,0,0,0.753295669
509,531,509,90,90,0,0,4.143126177
511,531,511,90,90,0,0,3.766478343
485,505,485,90,90,0,0,3.96039604
487,505,487,90,90,0,0,3.564356436
498,489,487,90,90,0,-2.258726899,-1.840490798
498,489,498,90,90,0,0,-1.840490798
520,539,520,90,90,0,0,3.525046382
561,539,561,90,90,0,0,-4.081632653
554,560,554,90,90,0,0,1.071428571
544,560,544,90,90,0,0,2.857142857
534,560,534,90,90,0,0,4.642857143
542,537,542,90,90,0,0,-0.931098696
530,537,530,90,90,0,0,1.303538175
547,547,547,90,90,0,0,0
528,547,528,90,90,0,0,3.473491773
528,528,528,90,90,0,0,0
524,528,524,90,90,0,0,0.757575758
553,566,553,90,90,0,0,2.296819788
551,566,551,90,90,0,0,2.650176678
576,577,576,90,90,0,0,0.173310225
591,577,591,90,90,0,0,-2.426343154
619,611,619,90,90,0,0,-1.309328969
609,611,609,90,90,0,0,0.327332242
598,615,598,90,90,0,0,2.764227642
602,615,602,90,90,0,0,2.113821138
583,594,583,90,90,0,0,1.851851852
580,594,580,90,90,0,0,2.356902357
577,580,577,90,90,0,0,0.517241379
583,580,583,90,90,0,0,-0.517241379
565,589,565,90,90,0,0,4.074702886
600,589,600,90,90,0,0,-1.867572156
593,596,593,90,90,0,0,0.503355705
582,596,582,90,90,0,0,2.348993289
592,608,592,90,90,0,0,2.631578947
575,608,575,90,90,0,0,5.427631579
586,592,586,90,90,0,0,1.013513514
574,592,574,90,90,0,0,3.040540541
576,579,576,90,90,0,0,0.518134715
567,579,567,90,90,0,0,2.07253886
565,584,565,90,90,0,0,3.253424658
576,584,576,90,90,0,0,1.369863014
564,574,564,90,90,0,0,1.742160279
564,574,564,90,90,0,0,1.742160279
564,574,564,90,90,0,0,1.742160279
568,566,568,90,90,0,0,-0.35335689
568,566,568,90,90,0,0,-0.35335689
541,563,541,90,90,0,0,3.907637655
556,563,556,90,90,0,0,1.243339254
515,528,515,90,90,0,0,2.462121212
494,528,494,90,90,0,0,6.439393939
516,518,516,90,90,0,0,0.386100386
548,518,548,90,90,0,0,-5.791505792
600,579,600,90,90,0,0,-3.626943005
622,579,622,90,90,0,0,-7.426597582
639,631,639,90,90,0,0,-1.267828843
622,631,622,90,90,0,0,1.426307448
603,628,603,90,90,0,0,3.98089172
600,628,600,90,90,0,0,4.458598726
568,590,568,90,90,0,0,3.728813559
570,590,570,90,90,0,0,3.389830508
586,579,586,90,90,0,0,-1.208981002
619,579,619,90,90,0,0,-6.908462867
628,631,628,90,90,0,0,0.475435816
696,631,696,90,90,0,0,-10.30110935
716,698,716,90,90,0,0,-2.578796562
716,736,716,90,90,0,0,2.717391304
689,736,689,90,90,0,0,6.385869565
696,696,696,90,90,0,0,0
681,696,681,90,90,0,0,2.155172414
686,684,686,90,90,0,0,-0.292397661
665,684,665,90,90,0,0,2.777777778
647,678,647,90,90,0,0,4.572271386
657,657,657,90,90,0,0,0
640,657,640,90,90,0,0,2.587519026
652,655,652,90,90,0,0,0.458015267
649,655,652,90,90,0,0.460122699,0.916030534
623,649,623,90,90,0,0,4.006163328
654,649,654,90,90,0,0,-0.770416025
643,645,643,90,90,0,0,0.310077519
632,645,632,90,90,0,0,2.015503876
653,658,653,90,90,0,0,0.759878419
649,658,649,90,90,0,0,1.367781155
663,662,663,90,90,0,0,-0.151057402
653,660,653,90,90,0,0,1.060606061
654,660,654,90,90,0,0,0.909090909
643,666,643,90,90,0,0,3.453453453
642,666,642,90,90,0,0,3.603603604
618,640,642,90,90,0,3.738317757,3.4375
614,640,614,90,90,0,0,4.0625
610,616,610,90,90,0,0,0.974025974
615,616,615,90,90,0,0,0.162337662
598,613,598,90,90,0,0,2.446982055
638,613,638,90,90,0,0,-4.078303426
630,626,630,90,90,0,0,-0.638977636
614,626,614,90,90,0,0,1.916932907
624,635,624,90,90,0,0,1.732283465
608,635,608,90,90,0,0,4.251968504
620,618,620,90,90,0,0,-0.323624595
606,618,606,90,90,0,0,1.941747573
613,609,613,90,90,0,0,-0.65681445
613,609,613,90,90,0,0,-0.65681445
609,627,609,90,90,0,0,2.870813397
622,625,622,90,90,0,0,0.48
605,625,605,90,90,0,0,3.2
619,627,619,90,90,0,0,1.275917065
628,627,628,90,90,0,0,-0.159489633
622,622,622,90,90,0,0,0
582,622,582,90,90,0,0,6.430868167
599,600,599,90,90,0,0,0.166666667
583,600,583,90,90,0,0,2.833333333
559,591,559,90,90,0,0,5.414551607
564,591,564,90,90,0,0,4.568527919
542,563,542,90,90,0,0,3.730017762
538,563,538,90,90,0,0,4.440497336
511,563,511,90,90,0,0,9.236234458
511,527,511,90,90,0,0,3.036053131
504,527,504,90,90,0,0,4.364326376
474,498,474,90,90,0,0,4.819277108
463,498,463,90,90,0,0,7.02811245
458,498,458,90,90,0,0,8.032128514
458,474,458,90,90,0,0,3.375527426
437,474,437,90,90,0,0,7.805907173
419,451,419,90,90,0,0,7.095343681
419,451,419,90,90,0,0,7.095343681
403,451,403,90,90,0,0,10.64301552
389,425,389,90,90,0,0,8.470588235
389,425,389,90,90,0,0,8.470588235
363,425,363,90,90,0,0,14.58823529
363,402,363,90,90,0,0,9.701492537
364,402,364,90,90,0,0,9.452736318
343,402,343,90,90,0,0,14.67661692
343,378,343,90,90,0,0,9.259259259
340,378,340,90,90,0,0,10.05291005
340,378,340,90,90,0,0,10.05291005
348,380,348,90,90,0,0,8.421052632
348,380,348,90,90,0,0,8.421052632
331,380,331,90,90,0,0,12.89473684
342,387,342,90,90,0,0,11.62790698
342,387,342,90,90,0,0,11.62790698
342,387,342,90,90,0,0,11.62790698
342,430,342,90,90,0,0,20.46511628
347,430,347,90,90,0,0,19.30232558
354,430,347,90,90,0,-2.017291066,17.6744186
354,454,354,90,90,0,0,22.02643172
361,454,361,90,90,0,0,20.4845815
361,485,361,90,90,0,0,25.56701031
384,485,384,90,90,0,0,20.82474227
393,485,393,90,90,0,0,18.96907216
393,523,393,90,90,0,0,24.85659656
405,523,405,90,90,0,0,22.56214149
420,538,420,90,90,0,0,21.9330855
431,538,420,90,90,0,-2.619047619,19.88847584
431,545,431,90,90,0,0,20.91743119
420,545,420,90,90,0,0,22.93577982
441,513,441,90,90,0,0,14.03508772
441,513,441,90,90,0,0,14.03508772
434,513,434,90,90,0,0,15.39961014
428,494,428,90,90,0,0,13.36032389
442,494,428,90,90,0,-3.271028037,10.52631579
442,507,442,90,90,0,0,12.82051282
447,507,447,90,90,0,0,11.83431953
469,529,469,90,90,0,0,11.34215501
478,529,478,90,90,0,0,9.640831758
509,572,509,90,90,0,0,11.01398601
509,572,509,90,90,0,0,11.01398601
522,620,522,90,90,0,0,15.80645161
532,620,532,90,90,0,0,14.19354839
542,630,542,90,90,0,0,13.96825397
541,630,541,90,90,0,0,14.12698413
556,654,556,90,90,0,0,14.98470948
558,654,558,90,90,0,0,14.67889908
557,647,557,90,90,0,0,13.91035549
545,647,545,90,90,0,0,15.76506955
598,671,598,90,90,0,0,10.87928465
604,756,604,90,90,0,0,20.10582011
599,756,599,90,90,0,0,20.76719577
626,802,626,90,90,0,0,21.94513716
619,838,619,90,90,0,0,26.13365155
626,838,626,90,90,0,0,25.29832936
592,777,592,90,90,0,0,23.80952381
564,777,564,90,90,0,0,27.41312741
522,649,522,90,90,0,0,19.56856703
494,649,494,90,90,0,0,23.88289676
494,542,494,90,90,0,0,8.856088561
509,542,509,90,90,0,0,6.088560886
531,534,531,90,90,0,0,0.561797753
575,534,575,90,90,0,0,-7.677902622
631,608,631,90,90,0,0,-3.782894737
688,608,688,90,90,0,0,-13.15789474
709,711,709,90,90,0,0,0.281293952
666,674,666,90,90,0,0,1.18694362
627,674,627,90,90,0,0,6.973293769
638,627,638,90,90,0,0,-1.754385965
640,627,640,90,90,0,0,-2.073365231
691,666,691,90,90,0,0,-3.753753754
818,666,818,90,90,0,0,-22.82282282
888,786,888,90,90,0,0,-12.97709924
972,948,933,90,90,0,-4.180064309,-2.53164557
939,975,939,90,90,0,0,3.692307692
899,931,899,90,90,0,0,3.437164339
902,931,902,90,90,0,0,3.114930183
998,955,998,90,90,0,0,-4.502617801
1078,1055,1078,90,90,0,0,-2.180094787
1110,1150,1110,90,90,0,0,3.47826087
1040,1133,1040,90,90,0,0,8.208296558
963,1019,985,90,90,0,2.233502538,5.495583906
933,949,933,90,90,0,0,1.685985248
957,949,957,90,90,0,0,-0.842992624
1051,943,1051,90,90,0,0,-11.45281018
1157,1042,1157,90,90,0,0,-11.03646833
1114,1164,1114,90,90,0,0,4.295532646
1118,1146,1118,90,90,0,0,2.443280977
1078,1087,1078,90,90,0,0,0.827966881
1101,1057,1101,90,90,0,0,-4.162724693
1175,1114,1175,90,90,0,0,-5.475763016
1180,1199,1180,90,90,0,0,1.584653878
1153,1187,1153,90,90,0,0,2.864363943
1110,1120,1110,90,90,0,0,0.892857143
1101,1112,1101,90,90,0,0,0.989208633
1239,1161,1199,90,90,0,-3.336113428,-6.718346253
1292,1244,1292,90,90,0,0,-3.8585209
1287,1278,1287,90,90,0,0,-0.704225352
1254,1257,1254,90,90,0,0,0.238663484
1218,1244,1218,90,90,0,0,2.090032154
1276,1241,1276,90,90,0,0,-2.820306205
1357,1301,1357,90,90,0,0,-4.304381245
1376,1379,1315,90,90,0,-4.63878327,0.217548949
1270,1354,1270,90,90,0,0,6.203840473
1276,1278,1276,90,90,0,0,0.156494523
1357,1348,1357,90,90,0,0,-0.667655786
1422,1442,1422,90,90,0,0,1.386962552
1422,1449,1422,90,90,0,0,1.863354037
1395,1402,1395,90,90,0,0,0.499286733
1442,1408,1442,90,90,0,0,-2.414772727
1456,1463,1456,90,90,0,0,0.4784689
1485,1482,1485,90,90,0,0,-0.20242915
1449,1453,1449,90,90,0,0,0.275292498
1415,1432,1415,90,90,0,0,1.187150838
1515,1435,1515,90,90,0,0,-5.574912892
1547,1559,1547,90,90,0,0,0.769724182
1531,1539,1531,90,90,0,0,0.519818064
1500,1489,1500,90,90,0,0,-0.738750839
1547,1539,1547,90,90,0,0,-0.519818064
1563,1596,1563,90,90,0,0,2.067669173
1539,1580,1539,90,90,0,0,2.594936709
1508,1535,1508,90,90,0,0,1.758957655
1508,1493,1508,90,90,0,0,-1.004688547
1508,1496,1508,90,90,0,0,-0.802139037
1463,1482,1463,90,90,0,0,1.282051282
1442,1460,1442,90,90,0,0,1.232876712
1478,1471,1478,90,90,0,0,-0.475866757
1485,1485,1454,117,90,1,-2.132049519,0
1449,1531,1448,129,90,1,-0.069060773,5.355976486
1478,1512,1443,134,129,1,-2.425502426,2.248677249
1478,1508,1447,154,129,1,-2.142363511,1.98938992
1500,1523,1449,164,154,1,-3.519668737,1.510177282
1493,1547,1452,171,154,1,-2.82369146,3.49062702
1493,1523,1440,173,171,1,-3.680555556,1.969796454
1456,1527,1407,173,171,1,-3.482587065,4.649639817
1463,1493,1386,174,173,1,-5.555555556,2.009377093
1428,1482,1373,174,173,1,-4.005826657,3.643724696
1395,1478,1358,174,174,1,-2.724594993,5.615696888
1321,1489,1329,174,174,1,0.601956358,11.28274009
1339,1439,1304,174,174,1,-2.68404908,6.949270327
1304,1392,1277,173,174,1,-2.114330462,6.32183908
1213,1392,1239,174,173,1,2.098466505,12.8591954
1180,1360,1217,174,173,1,3.040262942,13.23529412
1110,1339,1201,174,174,1,7.577019151,17.10231516
1040,1333,1179,175,174,1,11.78965225,21.98049512
995,1351,1146,175,174.1,1,13.17626527,26.35085122
907,1309,1122,175,174.1,1,19.16221034,30.710466
836,1289,1090,175,170.41,1,23.30275229,35.14352211
855,1289,1070,175,170.41,1,20.09345794,33.66951125
873,1257,1060,175,169.95,1,17.64150943,30.54892601
818,1231,1022,175,169.95,1,19.96086106,33.54995938
787,1221,999,175,169.98,1,21.22122122,35.54463554
845,1199,980,175,169.98,1,13.7755102,29.52460384
761,1189,952,175,173.1,1,20.06302521,35.99663583
723,1166,937,175,173.1,1,22.83884739,37.99313894
742,1133,907,175,168.58,1,18.19184123,34.51015004
831,1131,878,175,168.58,1,5.353075171,26.52519894
924,1108,871,175,175,1,-6.084959816,16.60649819
769,1078,841,174,175,1,8.561236623,28.66419295
809,1045,815,175,174,1,0.736196319,22.58373206
728,1045,780,175,174,1,6.666666667,30.33492823
800,1031,750,175,175,1,-6.666666667,22.40543162
836,1019,746,175,175,1,-12.06434316,17.95878312
779,993,711,175,175,1,-9.563994374,21.55085599
822,972,686,175,175,1,-19.82507289,15.43209877
779,966,659,175,175,1,-18.20940819,19.35817805
834,966,644,175,175,1,-29.50310559,13.66459627
705,936,618,175,175,1,-14.0776699,24.67948718
660,910,599,175,175,1,-10.1836394,27.47252747
538,887,568,175,175,1,5.281690141,39.34611048
528,887,533,175,175,1,0.938086304,40.4735062
466,858,502,175,175,1,7.171314741,45.68764569
466,841,481,175,175,1,3.118503119,44.58977408
540,841,458,175,175,1,-17.90393013,35.79072533
579,803,436,175,175,1,-32.79816514,27.89539228
508,768,408,175,175,1,-24.50980392,33.85416667
508,768,382,175,175,1,-32.98429319,33.85416667
508,760,350,175,175,1,-45.14285714,33.15789474
370,717,335,175,175,1,-10.44776119,48.39609484
392,717,301,175,175,1,-30.23255814,45.32775453
392,682,276,173,175,1,-42.02898551,42.52199413
293,682,246,167,173,1,-19.10569106,57.03812317
293,648,221,156,167,1,-32.57918552,54.78395062
293,648,193,125,156,1,-51.8134715,54.78395062
189,602,189,90,125,0,0,68.60465116
500,602,500,90,90,0,0,16.94352159
500,577,500,90,90,0,0,13.34488735
574,577,192,149,90,1,-198.9583333,0.519930676
565,572,195,169,149,1,-189.7435897,1.223776224
558,572,190,173,149,1,-193.6842105,2.447552448
569,574,190,173,173,1,-199.4736842,0.871080139
562,574,178,173,173,1,-215.7303371,2.090592334
566,581,144,167,173,1,-293.0555556,2.581755594
529,581,124,116,167,1,-326.6129032,8.950086059
519,581,519,94,116,0,0,10.67125645
495,538,519,163,94,1,4.624277457,7.992565056
498,538,516,173,163,1,3.488372093,7.434944238
498,506,504,173,163,1,1.19047619,1.581027668
511,506,502,171,173,1,-1.792828685,-0.988142292
499,510,474,158,171,1,-5.274261603,2.156862745
484,510,455,136,158,1,-6.373626374,5.098039216
473,510,427,131,136,1,-10.77283372,7.254901961
473,489,399,154,131,1,-18.54636591,3.27198364
460,489,387,171,154,1,-18.8630491,5.930470348
439,472,377,173,154,1,-16.44562334,6.991525424
459,472,366,174,154,1,-25.40983607,2.754237288
459,472,352,171,174,1,-30.39772727,2.754237288
445,457,323,171,171,1,-37.77089783,2.625820569
412,457,295,173,171,1,-39.66101695,9.846827133
412,457,267,173,171,1,-54.3071161,9.846827133
389,419,244,173,173,1,-59.42622951,7.159904535
347,419,218,173,173,1,-59.17431193,17.18377088
347,419,195,174,173,1,-77.94871795,17.18377088
302,370,175,173,173,1,-72.57142857,18.37837838
302,370,155,169,173,1,-94.83870968,18.37837838
293,370,130,168,169,1,-125.3846154,20.81081081
293,370,102,170,168,1,-187.254902,20.81081081
293,315,81,170,170,1,-261.7283951,6.984126984
257,315,55,167,170,1,-367.2727273,18.41269841
257,315,31,162,167,1,-729.0322581,18.41269841
257,315,8,157,162,1,-3112.5,18.41269841
175,315,-34,149,157,1,614.7058824,44.44444444
175,240,-46,141,90,1,480.4347826,27.08333333
175,240,-27,116,90,1,748.1481481,27.08333333
175,240,175,90,90,0,0,27.08333333
175,240,175,90,90,0,0,27.08333333
175,240,175,90,90,0,0,27.08333333
240,222,240,90,90,0,0,-8.108108108
240,222,240,90,90,0,0,-8.108108108
240,222,240,90,90,0,0,-8.108108108
214,222,214,90,90,0,0,3.603603604
214,222,214,90,90,0,0,3.603603604
214,222,214,90,90,0,0,3.603603604
192,205,192,90,90,0,0,6.341463415
192,205,192,90,90,0,0,6.341463415
192,205,192,90,90,0,0,6.341463415
190,205,190,90,90,0,0,7.317073171
190,205,190,90,90,0,0,7.317073171
190,205,190,90,90,0,0,7.317073171
189,193,189,90,90,0,0,2.07253886
189,193,189,90,90,0,0,2.07253886
189,193,189,90,90,0,0,2.07253886
189,193,189,90,90,0,0,2.07253886
174,193,174,90,90,0,0,9.844559585
174,193,174,90,90,0,0,9.844559585
174,194,174,90,90,0,0,10.30927835
166,194,166,90,90,0,0,14.43298969
166,194,166,90,90,0,0,14.43298969
166,194,166,90,90,0,0,14.43298969
166,194,166,90,90,0,0,14.43298969
157,194,157,90,90,0,0,19.07216495
157,194,157,90,90,0,0,19.07216495
157,185,157,90,90,0,0,15.13513514
157,185,157,90,90,0,0,15.13513514
138,185,138,90,90,0,0,25.40540541
138,185,138,90,90,0,0,25.40540541
138,185,138,90,90,0,0,25.40540541
138,185,138,90,90,0,0,25.40540541
138,185,138,90,90,0,0,25.40540541
138,185,138,90,90,0,0,25.40540541
138,185,138,90,90,0,0,25.40540541
84,185,84,90,90,0,0,54.59459459
84,120,84,90,90,0,0,30
84,120,84,90,90,0,0,30
84,120,84,90,90,0,0,30
84,120,84,90,90,0,0,30
125,120,125,90,90,0,0,-4.166666667
125,120,125,90,90,0,0,-4.166666667
125,172,125,90,90,0,0,27.3255814
125,172,125,90,90,0,0,27.3255814
125,172,125,90,90,0,0,27.3255814
124,172,124,90,90,0,0,27.90697674
124,172,124,90,90,0,0,27.90697674
124,172,124,90,90,0,0,27.90697674
124,172,124,90,90,0,0,27.90697674
124,170,124,90,90,0,0,27.05882353
115,170,115,90,90,0,0,32.35294118
115,170,115,90,90,0,0,32.35294118
115,170,115,90,90,0,0,32.35294118
115,170,115,90,90,0,0,32.35294118
115,170,115,90,90,0,0,32.35294118
122,170,122,90,90,0,0,28.23529412
122,183,122,90,90,0,0,33.33333333
122,183,122,90,90,0,0,33.33333333
122,183,122,90,90,0,0,33.33333333
122,183,122,90,90,0,0,33.33333333
128,183,128,90,90,0,0,30.05464481
128,183,128,90,90,0,0,30.05464481
128,200,128,90,90,0,0,36
128,200,128,90,90,0,0,36
130,200,130,90,90,0,0,35
130,200,130,90,90,0,0,35
130,200,130,90,90,0,0,35
130,200,130,90,90,0,0,35
130,200,130,90,90,0,0,35
130,173,130,90,90,0,0,24.85549133
111,173,111,90,90,0,0,35.83815029
111,173,111,90,90,0,0,35.83815029
111,173,111,90,90,0,0,35.83815029
111,173,111,90,90,0,0,35.83815029
111,173,111,90,90,0,0,35.83815029
111,173,111,90,90,0,0,35.83815029
95,173,95,90,90,0,0,45.0867052
95,142,95,90,90,0,0,33.09859155
95,142,95,90,90,0,0,33.09859155
95,142,95,90,90,0,0,33.09859155
95,142,95,90,90,0,0,33.09859155
95,142,95,90,90,0,0,33.09859155
95,142,95,90,90,0,0,33.09859155
86,142,86,90,90,0,0,39.43661972
86,142,86,90,90,0,0,39.43661972
86,142,86,90,90,0,0,39.43661972
86,131,86,90,90,0,0,34.35114504
86,131,86,90,90,0,0,34.35114504
86,131,86,90,90,0,0,34.35114504
86,131,86,90,90,0,0,34.35114504
86,131,86,90,90,0,0,34.35114504
74,131,74,90,90,0,0,43.51145038
74,131,74,90,90,0,0,43.51145038
74,131,74,90,90,0,0,43.51145038
74,146,74,90,90,0,0,49.31506849
74,146,74,90,90,0,0,49.31506849
74,146,74,90,90,0,0,49.31506849
74,146,74,90,90,0,0,49.31506849
86,146,86,90,90,0,0,41.09589041
86,241,86,90,90,0,0,64.3153527
86,241,86,90,90,0,0,64.3153527
86,241,86,90,90,0,0,64.3153527
86,241,86,90,90,0,0,64.3153527
105,241,105,90,90,0,0,56.43153527
105,259,105,90,90,0,0,59.45945946
105,259,105,90,90,0,0,59.45945946
105,259,105,90,90,0,0,59.45945946
105,259,105,90,90,0,0,59.45945946
127,285,127,90,90,0,0,55.43859649
127,285,127,90,90,0,0,55.43859649
127,285,127,90,90,0,0,55.43859649
127,285,127,90,90,0,0,55.43859649
127,285,127,90,90,0,0,55.43859649
131,253,131,90,90,0,0,48.22134387
131,253,131,90,90,0,0,48.22134387
131,253,131,90,90,0,0,48.22134387
131,253,131,90,90,0,0,48.22134387
133,253,133,90,90,0,0,47.43083004
133,228,133,90,90,0,0,41.66666667
133,228,133,90,90,0,0,41.66666667
133,228,133,90,90,0,0,41.66666667
142,228,142,90,90,0,0,37.71929825
142,228,142,90,90,0,0,37.71929825
142,247,142,90,90,0,0,42.51012146
142,247,142,90,90,0,0,42.51012146
152,247,152,90,90,0,0,38.46153846
152,247,152,90,90,0,0,38.46153846
152,279,152,90,90,0,0,45.51971326
179,279,179,90,90,0,0,35.84229391
179,279,179,90,90,0,0,35.84229391
179,371,179,90,90,0,0,51.75202156
179,371,179,90,90,0,0,51.75202156
192,371,192,90,90,0,0,48.24797844
192,371,192,90,90,0,0,48.24797844
212,370,212,90,90,0,0,42.7027027
212,370,212,90,90,0,0,42.7027027
212,370,212,90,90,0,0,42.7027027
223,370,223,90,90,0,0,39.72972973
223,276,223,90,90,0,0,19.20289855
247,276,223,90,90,0,-10.76233184,10.50724638
247,276,247,90,90,0,0,10.50724638
247,276,247,90,90,0,0,10.50724638
273,271,273,90,90,0,0,-0.73800738
273,271,273,90,90,0,0,-0.73800738
285,271,285,90,90,0,0,-5.166051661
285,271,285,90,90,0,0,-5.166051661
305,302,305,90,90,0,0,-0.993377483
305,302,305,90,90,0,0,-0.993377483
313,302,313,90,90,0,0,-3.642384106
313,302,313,90,90,0,0,-3.642384106
311,325,311,90,90,0,0,4.307692308
305,325,305,90,90,0,0,6.153846154
305,325,305,90,90,0,0,6.153846154
333,345,333,90,90,0,0,3.47826087
333,345,333,90,90,0,0,3.47826087
341,345,341,90,90,0,0,1.15942029
341,345,341,91,90,0,0,1.15942029
353,390,352,101,90,1,-0.284090909,9.487179487
380,390,357,108,90,1,-6.442577031,2.564102564
380,448,359,119,108,1,-5.849582173,15.17857143
387,448,361,113,108,1,-7.202216066,13.61607143
407,448,358,113,113,1,-13.68715084,9.151785714
407,456,353,102,113,1,-15.29745042,10.74561404
400,456,400,90,102,0,0,12.28070175
407,456,407,90,90,0,0,10.74561404
407,425,407,90,90,0,0,4.235294118
403,425,403,90,90,0,0,5.176470588
395,425,395,90,90,0,0,7.058823529
395,408,395,90,90,0,0,3.18627451
392,408,392,90,90,0,0,3.921568627
377,408,392,90,90,0,3.826530612,7.598039216
377,391,377,90,90,0,0,3.58056266
381,391,381,90,90,0,0,2.557544757
382,391,381,90,90,0,-0.262467192,2.301790281
382,398,382,90,90,0,0,4.020100503
387,398,387,97,90,0,0,2.763819095
387,398,379,121,90,1,-2.110817942,2.763819095
377,395,371,128,121,1,-1.617250674,4.556962025
391,395,367,129,121,1,-6.539509537,1.012658228
391,395,363,129,121,1,-7.713498623,1.012658228
386,385,365,125,129,1,-5.753424658,-0.25974026
386,385,352,107,125,1,-9.659090909,-0.25974026
386,385,386,90,107,0,0,-0.25974026
401,401,401,90,90,0,0,0
395,401,395,90,90,0,0,1.496259352
395,401,395,90,90,0,0,1.496259352
404,402,404,90,90,0,0,-0.497512438
401,402,401,90,90,0,0,0.248756219
401,402,401,90,90,0,0,0.248756219
412,406,412,90,90,0,0,-1.477832512
415,406,415,90,90,0,0,-2.216748768
415,423,415,90,90,0,0,1.891252955
420,423,420,90,90,0,0,0.709219858
436,423,436,90,90,0,0,-3.073286052
435,437,435,90,90,0,0,0.457665904
435,437,435,90,90,0,0,0.457665904
447,437,447,90,90,0,0,-2.288329519
443,455,443,90,90,0,0,2.637362637
446,455,446,90,90,0,0,1.978021978
446,446,444,106,90,1,-0.45045045,0
427,446,436,126,106,1,2.064220183,4.260089686
445,446,430,130,106,1,-3.488372093,0.224215247
439,435,425,132,130,1,-3.294117647,-0.91954023
439,435,421,135,130,1,-4.275534442,-0.91954023
434,435,415,139,135,1,-4.578313253,0.229885057
449,449,415,141,135,1,-8.192771084,0
445,449,411,135,135,1,-8.272506083,0.890868597
445,452,406,120,135,1,-9.60591133,1.548672566
455,452,455,90,120,0,0,-0.663716814
447,452,447,90,90,0,0,1.10619469
458,455,458,90,90,0,0,-0.659340659
458,455,458,90,90,0,0,-0.659340659
465,455,465,90,90,0,0,-2.197802198
472,476,472,90,90,0,0,0.840336134
482,476,482,90,90,0,0,-1.260504202
473,475,473,90,90,0,0,0.421052632
473,475,473,90,90,0,0,0.421052632
483,475,483,90,90,0,0,-1.684210526
498,492,498,90,90,0,0,-1.219512195
516,492,516,90,90,0,0,-4.87804878
3641,513,3641,90,90,0,0,-609.7465887
622,513,622,90,90,0,0,-21.24756335
539,520,539,90,90,0,0,-3.653846154
539,520,539,90,90,0,0,-3.653846154
548,566,548,90,90,0,0,3.180212014
4035,566,4035,90,90,0,0,-612.8975265
640,556,640,90,90,0,0,-15.10791367
558,556,558,90,90,0,0,-0.35971223
557,556,557,90,90,0,0,-0.179856115
589,560,589,90,90,0,0,-5.178571429
596,560,596,90,90,0,0,-6.428571429
603,596,603,90,90,0,0,-1.174496644
623,596,623,90,90,0,0,-4.530201342
618,616,618,90,90,0,0,-0.324675325
632,647,632,90,90,0,0,2.318392581
644,647,644,90,90,0,0,0.463678516
632,657,632,90,90,0,0,3.805175038
666,657,666,90,90,0,0,-1.369863014
656,650,656,90,90,0,0,-0.923076923
653,650,653,90,90,0,0,-0.461538462
681,677,681,90,90,0,0,-0.59084195
680,677,680,90,90,0,0,-0.443131462
699,691,699,90,90,0,0,-1.157742402
696,696,696,90,90,0,0,0
702,696,702,90,90,0,0,-0.862068966
702,705,702,90,90,0,0,0.425531915
719,705,719,90,90,0,0,-1.985815603
692,708,692,90,90,0,0,2.259887006
694,709,694,90,90,0,0,2.115655853
717,709,717,90,90,0,0,-1.128349788
692,714,717,90,90,0,3.486750349,3.081232493
735,714,735,90,90,0,0,-2.941176471
724,714,724,90,90,0,0,-1.400560224
702,724,702,90,90,0,0,3.038674033
714,724,714,90,90,0,0,1.38121547
730,723,730,90,90,0,0,-0.968188105
714,723,714,90,90,0,0,1.244813278
719,714,719,90,90,0,0,-0.700280112
716,720,716,90,90,0,0,0.555555556
739,720,739,90,90,0,0,-2.638888889
724,728,724,90,90,0,0,0.549450549
731,728,731,90,90,0,0,-0.412087912
731,744,731,90,90,0,0,1.747311828
731,729,731,90,90,0,0,-0.274348422
731,729,699,90,90,0,-4.577968526,-0.274348422
719,714,719,90,90,0,0,-0.700280112
709,732,709,90,90,0,0,3.142076503
739,732,739,90,90,0,0,-0.956284153
754,746,754,90,90,0,0,-1.072386059
744,746,744,90,90,0,0,0.268096515
754,745,754,90,90,0,0,-1.208053691
741,746,741,90,90,0,0,0.670241287
754,746,754,90,90,0,0,-1.072386059
733,745,733,90,90,0,0,1.610738255
730,743,730,90,90,0,0,1.749663526
730,743,730,90,90,0,0,1.749663526
737,734,737,90,90,0,0,-0.408719346
765,734,765,90,90,0,0,-4.223433243
761,746,761,90,90,0,0,-2.010723861
739,765,739,90,90,0,0,3.39869281
750,765,750,90,90,0,0,1.960784314
741,745,741,90,90,0,0,0.536912752
730,732,730,90,90,0,0,0.273224044
735,732,735,90,90,0,0,-0.409836066
721,727,721,90,90,0,0,0.825309491
741,727,741,90,90,0,0,-1.925722146
737,731,737,90,90,0,0,-0.820793434
748,761,732,112,90,1,-2.18579235,1.708278581
757,761,721,129,90,1,-4.993065187,0.525624179
723,757,709,138,129,1,-1.97461213,4.491413474
754,757,695,149,129,1,-8.489208633,0.396301189
728,737,674,154,149,1,-8.011869436,1.221166893
704,727,666,152,149,1,-5.705705706,3.163686382
719,727,664,130,152,1,-8.28313253,1.100412655
719,721,719,90,130,0,0,0.27739251
709,721,709,90,90,0,0,1.664355062
726,714,726,90,90,0,0,-1.680672269
717,724,717,90,90,0,0,0.966850829
719,724,719,90,90,0,0,0.690607735
716,724,716,90,90,0,0,1.104972376
716,731,716,90,90,0,0,2.051983584
721,731,721,90,90,0,0,1.367989056
721,722,721,90,90,0,0,0.138504155
684,722,684,90,90,0,0,5.263157895
702,699,712,90,90,0,1.404494382,-0.429184549
694,713,702,90,90,0,1.13960114,2.664796634
712,713,690,126,90,1,-3.188405797,0.140252454
701,712,684,144,126,1,-2.485380117,1.54494382
719,712,675,150,126,1,-6.518518519,-0.983146067
704,709,669,147,150,1,-5.231689088,0.705218618
702,709,664,125,147,1,-5.722891566,0.987306065
696,707,696,90,125,0,0,1.555869873
705,702,705,90,90,0,0,-0.427350427
692,702,692,90,90,0,0,1.424501425
696,710,696,90,90,0,0,1.971830986
694,710,694,90,90,0,0,2.253521127
674,699,674,90,90,0,0,3.576537911
709,693,709,90,90,0,0,-2.308802309
697,693,697,90,90,0,0,-0.577200577
684,706,684,90,90,0,0,3.116147309
702,706,702,90,90,0,0,0.566572238
686,701,686,90,90,0,0,2.139800285
684,688,684,90,90,0,0,0.581395349
692,688,692,90,90,0,0,-0.581395349
681,688,681,90,90,0,0,1.01744186
684,688,684,90,90,0,0,0.581395349
701,693,701,90,90,0,0,-1.154401154
689,693,689,90,90,0,0,0.577200577
692,707,692,90,90,0,0,2.121640736
702,702,702,90,90,0,0,0
669,702,669,90,90,0,0,4.700854701
701,688,701,90,90,0,0,-1.889534884
688,688,688,90,90,0,0,0
672,695,672,90,90,0,0,3.309352518
688,695,688,90,90,0,0,1.007194245
694,689,678,90,90,0,-2.359882006,-0.725689405
681,687,681,90,90,0,0,0.873362445
692,687,692,90,90,0,0,-0.727802038
683,688,683,90,90,0,0,0.726744186
683,688,683,90,90,0,0,0.726744186
697,691,697,90,90,0,0,-0.868306802
683,700,683,90,90,0,0,2.428571429
684,700,684,90,90,0,0,2.285714286
688,689,688,90,90,0,0,0.145137881
662,689,662,90,90,0,0,3.918722787
696,681,696,90,90,0,0,-2.202643172
680,681,680,90,90,0,0,0.146842878
663,688,663,90,90,0,0,3.63372093
678,678,678,90,90,0,0,0
668,678,668,90,90,0,0,1.474926254
669,673,669,90,90,0,0,0.59435364
677,673,677,90,90,0,0,-0.59435364
663,671,663,90,90,0,0,1.192250373
666,671,666,90,90,0,0,0.745156483
681,674,681,90,90,0,0,-1.038575668
665,680,665,90,90,0,0,2.205882353
665,680,658,137,90,1,-1.063829787,2.205882353
669,672,650,155,90,1,-2.923076923,0.446428571
647,672,643,158,155,1,-0.622083981,3.720238095
681,666,629,151,155,1,-8.26709062,-2.252252252
663,666,618,126,151,1,-7.281553398,0.45045045
644,671,644,90,126,0,0,4.023845007
660,671,660,90,90,0,0,1.639344262
649,659,647,120,90,1,-0.309119011,1.517450683
668,661,636,157,90,1,-5.031446541,-1.059001513
656,661,622,163,157,1,-5.466237942,0.756429652
666,663,605,160,157,1,-10.08264463,-0.452488688
662,663,596,143,160,1,-11.0738255,0.150829563
678,673,580,109,143,1,-16.89655172,-0.742942051
660,673,660,90,109,0,0,1.931649331
665,679,665,90,90,0,0,2.06185567
662,679,662,90,90,0,0,2.503681885
663,668,657,133,90,1,-0.913242009,0.748502994
635,654,650,158,90,1,2.307692308,2.905198777
668,654,644,165,158,1,-3.726708075,-2.140672783
659,665,638,159,158,1,-3.29153605,0.902255639
646,665,634,125,159,1,-1.892744479,2.857142857
652,662,652,90,125,0,0,1.510574018
665,662,652,90,90,0,-1.993865031,-0.453172205
654,657,654,90,90,0,0,0.456621005
659,657,659,90,90,0,0,-0.304414003
639,654,639,90,90,0,0,2.293577982
631,654,631,90,90,0,0,3.516819572
639,638,639,90,90,0,0,-0.156739812
620,636,620,90,90,0,0,2.51572327
622,636,622,90,90,0,0,2.201257862
622,627,622,90,90,0,0,0.797448166
632,627,632,90,90,0,0,-0.797448166
613,632,613,90,90,0,0,3.006329114
653,632,653,90,90,0,0,-3.32278481
646,651,646,90,90,0,0,0.768049155
628,651,628,90,90,0,0,3.533026114
638,644,638,90,90,0,0,0.931677019
644,644,644,90,90,0,0,0
630,642,630,90,90,0,0,1.869158879
636,642,636,90,90,0,0,0.934579439
626,636,626,90,90,0,0,1.572327044
622,636,622,90,90,0,0,2.201257862
635,632,635,90,90,0,0,-0.474683544
620,634,620,90,90,0,0,2.208201893
615,634,615,90,90,0,0,2.996845426
613,612,613,90,90,0,0,-0.163398693
602,612,602,90,90,0,0,1.633986928
573,589,573,90,90,0,0,2.716468591
599,589,599,90,90,0,0,-1.697792869
575,583,575,90,90,0,0,1.372212693
551,583,551,90,90,0,0,5.488850772
548,583,548,90,90,0,0,6.003430532
517,559,548,90,90,0,5.656934307,7.513416816
517,559,517,90,90,0,0,7.513416816
501,512,501,90,90,0,0,2.1484375
473,512,473,90,90,0,0,7.6171875
453,462,453,90,90,0,0,1.948051948
453,462,453,90,90,0,0,1.948051948
427,462,427,90,90,0,0,7.575757576
402,413,402,90,90,0,0,2.663438257
402,413,402,90,90,0,0,2.663438257
388,413,388,90,90,0,0,6.053268765
358,413,358,90,90,0,0,13.31719128
358,373,358,90,90,0,0,4.021447721
339,373,339,90,90,0,0,9.115281501
339,373,339,90,90,0,0,9.115281501
326,336,326,90,90,0,0,2.976190476
326,336,326,90,90,0,0,2.976190476
330,336,330,90,90,0,0,1.785714286
330,336,330,90,90,0,0,1.785714286
323,345,323,90,90,0,0,6.376811594
347,345,347,90,90,0,0,-0.579710145
347,345,347,90,90,0,0,-0.579710145
355,397,355,90,90,0,0,10.57934509
355,397,355,90,90,0,0,10.57934509
373,463,373,90,90,0,0,19.43844492
392,463,392,90,90,0,0,15.33477322
392,463,392,90,90,0,0,15.33477322
391,513,391,90,90,0,0,23.78167641
403,513,403,90,90,0,0,21.44249513
403,535,403,90,90,0,0,24.6728972
401,535,401,90,90,0,0,25.04672897
405,511,405,90,90,0,0,20.74363992
405,511,405,90,90,0,0,20.74363992
397,502,397,90,90,0,0,20.91633466
403,502,403,90,90,0,0,19.72111554
427,502,427,90,90,0,0,14.94023904
427,523,427,90,90,0,0,18.35564054
431,523,431,90,90,0,0,17.59082218
440,556,440,90,90,0,0,20.86330935
440,556,440,90,90,0,0,20.86330935
440,580,440,90,90,0,0,24.13793103
447,580,447,90,90,0,0,22.93103448
436,577,436,90,90,0,0,24.43674177
436,577,436,90,90,0,0,24.43674177
462,559,462,90,90,0,0,17.35241503
453,559,453,90,90,0,0,18.96243292
435,529,435,90,90,0,0,17.76937618
435,529,435,90,90,0,0,17.76937618
446,529,446,90,90,0,0,15.6899811
441,521,441,90,90,0,0,15.35508637
450,521,450,90,90,0,0,13.62763916
450,529,450,90,90,0,0,14.93383743
445,529,445,90,90,0,0,15.87901701
458,528,458,90,90,0,0,13.25757576
461,528,461,90,90,0,0,12.68939394
462,530,462,90,90,0,0,12.83018868
462,7283,462,90,90,0,0,93.65646025
478,7283,478,90,90,0,0,93.43677056
476,579,476,90,90,0,0,17.78929188
495,579,495,90,90,0,0,14.50777202
512,556,512,90,90,0,0,7.913669065
529,556,529,90,90,0,0,4.856115108
529,596,529,90,90,0,0,11.24161074
527,596,527,90,90,0,0,11.57718121
568,636,568,90,90,0,0,10.6918239
564,636,564,90,90,0,0,11.32075472
550,641,550,90,90,0,0,14.19656786
572,671,572,90,90,0,0,14.75409836
583,671,583,90,90,0,0,13.1147541
613,701,613,90,90,0,0,12.55349501
604,701,604,90,90,0,0,13.83737518
606,683,606,90,90,0,0,11.27379209
590,683,590,90,90,0,0,13.61639824
564,664,564,90,90,0,0,15.06024096
564,664,564,90,90,0,0,15.06024096
551,605,551,90,90,0,0,8.925619835
566,605,566,90,90,0,0,6.446280992
589,586,589,90,90,0,0,-0.511945392
624,586,624,90,90,0,0,-6.484641638
608,626,608,90,90,0,0,2.875399361
623,617,623,90,90,0,0,-0.972447326
602,617,602,90,90,0,0,2.431118314
578,602,578,90,90,0,0,3.986710963
590,602,590,90,90,0,0,1.993355482
602,613,602,90,90,0,0,1.794453507
659,613,659,90,90,0,0,-7.504078303
705,714,705,90,90,0,0,1.260504202
838,866,838,90,90,0,0,3.233256351
845,866,845,90,90,0,0,2.424942263
813,888,813,90,90,0,0,8.445945946
787,821,787,90,90,0,0,4.141291108
756,821,756,90,90,0,0,7.917174178
746,743,746,90,90,0,0,-0.403768506
841,791,841,90,90,0,0,-6.321112516
902,791,902,90,90,0,0,-14.03286979
1005,934,1005,90,90,0,0,-7.601713062
985,990,985,90,90,0,0,0.505050505
939,954,939,90,90,0,0,1.572327044
904,923,921,90,90,0,1.845819761,2.058504875
924,923,924,90,90,0,0,-0.108342362
1022,958,1022,90,90,0,0,-6.680584551
1148,1068,1148,90,90,0,0,-7.490636704
1139,1175,1139,90,90,0,0,3.063829787
1131,1173,1131,90,90,0,0,3.58056266
1081,1122,1081,90,90,0,0,3.654188948
1066,1074,1066,90,90,0,0,0.744878957
1135,1110,1135,90,90,0,0,-2.252252252
1234,1231,1234,90,90,0,0,-0.243704305
1209,1252,1209,90,90,0,0,3.434504792
1185,1192,1185,90,90,0,0,0.587248322
1166,1148,1166,90,90,0,0,-1.567944251
1234,1185,1234,90,90,0,0,-4.135021097
1321,1281,1321,90,90,0,0,-3.1225605
1315,1315,1298,90,90,0,-1.309707242,0
1276,1292,1276,90,90,0,0,1.238390093
1249,1268,1249,90,90,0,0,1.498422713
1327,1265,1327,90,90,0,0,-4.901185771
1435,1415,1415,90,90,0,-1.413427562,-1.413427562
1435,1425,1435,90,90,0,0,-0.701754386
1304,1363,1304,90,90,0,0,4.32868672
1315,1304,1315,90,90,0,0,-0.843558282
1435,1342,1435,90,90,0,0,-6.929955291
1442,1442,1442,90,90,0,0,0
1435,1439,1435,90,90,0,0,0.277970813
1408,1385,1408,90,90,0,0,-1.660649819
1471,1405,1471,90,90,0,0,-4.697508897
1523,1496,1478,90,90,0,-3.044654939,-1.804812834
1531,1523,1531,90,90,0,0,-0.525279054
1463,1485,1508,90,90,0,2.984084881,1.481481481
1500,1439,1500,90,90,0,0,-4.239054899
1531,1489,1531,90,90,0,0,-2.820685024
1580,1519,1471,90,90,0,-7.409925221,-4.015799868
1508,1555,1508,90,90,0,0,3.022508039
1588,1531,1588,90,90,0,0,-3.723056826
1640,1559,1640,90,90,0,0,-5.19563823
1659,1645,1659,90,90,0,0,-0.85106383
1571,1609,1571,90,90,0,0,2.361715351
1500,1547,1500,90,90,0,0,3.038138332
1555,1596,1580,90,90,0,1.582278481,2.568922306
1571,1592,1571,90,90,0,0,1.319095477
1563,1563,1563,90,90,0,0,0
1563,1555,1563,90,90,0,0,-0.514469453
1555,1563,1555,90,90,0,0,0.511836212
1508,1559,1508,90,90,0,0,3.271327774
1571,1592,1571,90,90,0,0,1.319095477
1547,1563,1547,90,90,0,0,1.023672425
1580,1575,1580,90,90,0,0,-0.317460317
1547,1580,1547,90,90,0,0,2.088607595
1547,1559,1547,90,90,0,0,0.769724182
1547,1563,1535,139,90,1,-0.781758958,1.023672425
1555,1551,1541,165,90,1,-0.908500973,-0.25789813
1563,1580,1547,173,165,1,-1.034259858,1.075949367
1555,1575,1541,173,165,1,-0.908500973,1.26984127
1555,1609,1532,173,173,1,-1.501305483,3.356121815
1563,1592,1518,174,173,1,-2.964426877,1.82160804
1555,1580,1505,174,174,1,-3.322259136,1.582278481
1515,1559,1470,174,174,1,-3.06122449,2.822322001
1471,1519,1458,173,174,1,-0.891632373,3.159973667
1456,1500,1420,174,173,1,-2.535211268,2.933333333
1415,1515,1406,175,174,1,-0.640113798,6.600660066
1333,1478,1375,174,174,1,3.054545455,9.810554804
1287,1471,1346,175,174,1,4.383358098,12.50849762
1376,1439,1332,175,174,1,-3.303303303,4.378040306
1270,1463,1310,175,175,1,3.053435115,13.19207109
1204,1435,1294,175,175,1,6.955177743,16.09756098
1204,1408,1272,175,175,1,5.34591195,14.48863636
1276,1388,1257,175,175,1,-1.511535402,8.069164265
1239,1376,1220,175,175,1,-1.557377049,9.956395349
1260,1369,1186,175,175,1,-6.239460371,7.96201607
1254,1333,1167,175,175,1,-7.455012853,5.92648162
1085,1315,1137,175,175,1,4.573438874,17.4904943
1139,1295,1105,175,175,1,-3.076923077,12.04633205
1157,1262,1078,175,175,1,-7.3283859,8.320126783
1110,1287,1054,175,175,1,-5.313092979,13.75291375
1036,1246,1037,175,175,1,0.096432015,16.85393258
975,1204,1014,175,175,1,3.846153846,19.01993355
945,1187,988,175,175,1,4.352226721,20.38753159
1078,1164,972,175,175,1,-10.90534979,7.388316151
1081,1180,939,175,175,1,-15.12247071,8.389830508
963,1139,911,175,175,1,-5.708013172,15.45215101
1047,1120,898,175,175,1,-16.59242762,6.517857143
1005,1129,873,175,175,1,-15.12027491,10.98317095
957,1099,841,175,175,1,-13.79310345,12.92083712
1008,1078,815,175,175,1,-23.6809816,6.493506494
1005,1057,791,175,175,1,-27.05436157,4.919583728
954,1036,770,175,175,1,-23.8961039,7.915057915
972,1036,748,175,175,1,-29.94652406,6.177606178
936,1027,721,175,175,1,-29.81969487,8.860759494
918,982,706,175,175,1,-30.02832861,6.517311609
831,948,686,175,175,1,-21.13702624,12.34177215
875,942,661,175,175,1,-32.37518911,7.112526539
783,942,641,175,175,1,-22.15288612,16.87898089
765,916,620,175,175,1,-23.38709677,16.48471616
604,884,583,175,175,1,-3.602058319,31.67420814
615,866,560,175,175,1,-9.821428571,28.98383372
662,866,537,175,175,1,-23.27746741,23.55658199
773,843,515,175,175,1,-50.09708738,8.303677343
733,823,484,175,175,1,-51.44628099,10.93560146
689,823,456,175,175,1,-51.09649123,16.2818955
711,788,435,175,175,1,-63.44827586,9.771573604
705,743,404,175,175,1,-74.5049505,5.114401077
699,743,371,175,175,1,-88.4097035,5.921938089
677,732,361,175,175,1,-87.53462604,7.513661202
556,732,335,174,175,1,-65.97014925,24.04371585
446,686,304,175,174,1,-46.71052632,34.98542274
553,686,272,175,175,1,-103.3088235,19.3877551
522,647,244,175,175,1,-113.9344262,19.31993818
522,617,208,175,175,1,-150.9615385,15.39708266
473,617,205,175,175,1,-130.7317073,23.33873582
414,617,136,175,175,1,-204.4117647,32.90113452
491,567,127,174,175,1,-286.6141732,13.40388007
491,567,94,174,174,1,-422.3404255,13.40388007
475,545,72,175,174,1,-559.7222222,12.8440367
471,545,53,174,175,1,-788.6792453,13.57798165
444,499,32,174,174,1,-1287.5,11.02204409
444,499,3,174,174,1,-14700,11.02204409
431,499,-26,174,174,1,1757.692308,13.62725451
417,450,-50,174,174,1,934,7.333333333
417,450,-88,174,90,1,573.8636364,7.333333333
376,450,-89,173,90,1,522.4719101,16.44444444
374,401,-100,173,90,1,474,6.733167082
374,401,-93,173,90,1,502.1505376,6.733167082
382,401,-89,173,90,1,529.2134831,4.738154613
392,391,-100,173,90,1,492,-0.255754476
392,391,-109,173,90,1,459.6330275,-0.255754476
372,391,-124,173,90,1,400,4.859335038
385,385,-135,173,90,1,385.1851852,0
385,385,-144,174,90,1,367.3611111,0
377,385,-156,174,90,1,341.6666667,2.077922078
377,376,-166,173,90,1,327.1084337,-0.265957447
363,376,-170,174,90,1,313.5294118,3.457446809
369,376,-177,173,90,1,308.4745763,1.861702128
369,371,-185,174,90,1,299.4594595,0.539083558
362,371,-189,174,90,1,291.5343915,2.425876011
368,371,-199,174,90,1,284.9246231,0.808625337
368,371,-206,174,90,1,278.6407767,0.808625337
358,374,-216,174,90,1,265.7407407,4.278074866
358,374,-230,174,90,1,255.6521739,4.278074866
365,374,-239,174,90,1,252.7196653,2.406417112
353,364,-245,174,90,1,244.0816327,3.021978022
353,364,-251,174,90,1,240.6374502,3.021978022
344,364,-256,174,90,1,234.375,5.494505495
344,351,-259,174,90,1,232.8185328,1.994301994
350,351,-271,174,90,1,229.1512915,0.284900285
350,351,-279,174,90,1,225.4480287,0.284900285
340,351,-289,174,90,1,217.6470588,3.133903134
342,355,-297,174,90,1,215.1515152,3.661971831
342,355,-307,174,90,1,211.4006515,3.661971831
342,355,-312,174,90,1,209.6153846,3.661971831
342,354,-319,174,90,1,207.2100313,3.389830508
348,354,-330,174,90,1,205.4545455,1.694915254
348,354,-341,174,90,1,202.0527859,1.694915254
327,354,-355,174,90,1,192.1126761,7.627118644
340,354,-362,175,90,1,193.9226519,3.95480226
340,354,-380,174,90,1,189.4736842,3.95480226
329,354,-392,174,90,1,183.9285714,7.062146893
329,348,-401,174,90,1,182.0448878,5.459770115
317,348,-415,174,90,1,176.3855422,8.908045977
317,348,-427,175,91.86,1,174.2388759,8.908045977
315,338,-446,174,91.86,1,170.6278027,6.804733728
315,338,-465,175,94.7,1,167.7419355,6.804733728
293,338,-483,174,94.7,1,160.6625259,13.31360947
293,338,-498,174,99.7,1,158.8353414,13.31360947
270,308,-524,175,99.7,1,151.5267176,12.33766234
270,308,-542,174,104.25,1,149.8154982,12.33766234
270,308,-562,174,104.25,1,148.0427046,12.33766234
232,308,-581,174,106.01,1,139.9311532,24.67532468
232,308,-593,174,106.01,1,139.1231029,24.67532468
232,252,-618,174,110.46,1,137.5404531,7.936507937
201,252,-627,174,110.46,1,132.0574163,20.23809524
201,252,-617,174,114,1,132.5769854,20.23809524
201,252,-632,175,114,1,131.8037975,20.23809524
186,252,-672,175,114.11,1,127.6785714,26.19047619
186,252,-697,175,114.11,1,126.6857963,26.19047619
186,196,-698,175,116.67,1,126.6475645,5.102040816
186,196,-711,175,116.67,1,126.1603376,5.102040816
186,196,-735,175,116.92,1,125.3061224,5.102040816
125,196,-775,175,116.92,1,116.1290323,36.2244898
125,196,-801,175,121.94,1,115.6054931,36.2244898
125,196,-815,175,121.94,1,115.3374233,36.2244898
125,196,-847,174,122.33,1,114.7579693,36.2244898
125,196,-866,174,122.33,1,114.4341801,36.2244898
125,196,-869,173,122.78,1,114.3843498,36.2244898
125,196,-869,168,122.78,1,114.3843498,36.2244898
125,196,-871,154,122.81,1,114.3513203,36.2244898
125,196,-877,109,122.81,1,114.2531357,36.2244898
125,196,125,90,109,0,0,36.2244898
125,196,125,90,90,0,0,36.2244898
125,196,125,90,90,0,0,36.2244898
0,196,0,90,90,0,0,100
0,196,0,90,90,0,0,100
0,196,-6,138,175,1,100,100
0,196,-15,168,138,1,100,100
0,196,-19,174,168,1,100,100
0,196,-33,174,168,1,100,100
0,196,-50,172,168,1,100,100
0,196,-69,170,130,1,100,100
0,196,-74,170,130,1,100,100
0,196,-72,169,130,1,100,100
0,0,-67,167,130,1,100,0
0,0,-57,140,130,1,100,0
0,0,0,90,130,0,0,0
0,0,0,90,90,0,0,0
0,0,0,90,90,0,0,0
0,0,0,90,90,0,0,0
0,0,0,127,90,1,0,0
0,0,-1,156,127,1,100,0
0,0,-3,171,127,1,100,0
0,0,-4,173,130,1,100,0
0,0,-1,173,130,1,100,0
0,0,0,173,130,1,0,0
0,0,1,173,130,1,100,0
0,0,3,173,130,1,100,0
0,30,7,173,130,1,100,100
0,30,16,174,130,1,100,100
0,30,22,174,130,1,100,100
0,30,33,174,130,1,100,100
14,30,42,174,130,1,66.66666667,53.33333333
14,30,46,173,146.61,1,69.56521739,53.33333333
14,30,51,174,146.61,1,72.54901961,53.33333333
14,30,42,173,143.58,1,66.66666667,53.33333333
14,30,21,174,143.58,1,33.33333333,53.33333333
14,30,0,174,162.63,1,0,53.33333333
14,30,-25,174,162.63,1,156,53.33333333
14,30,-46,174,102.83,1,130.4347826,53.33333333
14,30,-60,174,102.83,1,123.3333333,53.33333333
14,30,-47,174,118.34,1,129.787234,53.33333333
14,30,13,174,118.34,1,-7.692307692,53.33333333
57,30,47,174,174,1,-21.27659574,-90
57,73,65,174,174,1,12.30769231,21.91780822
57,73,68,174,173.48,1,16.17647059,21.91780822
57,73,44,174,173.48,1,-29.54545455,21.91780822
57,73,9,174,174,1,-533.3333333,21.91780822
57,73,-28,174,174,1,303.5714286,21.91780822
57,73,-65,174,90,1,187.6923077,21.91780822
57,73,-113,174,90,1,150.4424779,21.91780822
57,73,-98,174,104.83,1,158.1632653,21.91780822
57,73,-93,174,104.83,1,161.2903226,21.91780822
57,73,-72,175,104.83,1,179.1666667,21.91780822
57,73,-61,175,90.79,1,193.442623,21.91780822
57,108,-61,175,90.79,1,193.442623,47.22222222
57,108,-64,175,90,1,189.0625,47.22222222
57,108,-72,175,90,1,179.1666667,47.22222222
135,108,-91,175,90.8,1,248.3516484,-25
135,108,-103,175,90.8,1,231.0679612,-25
135,108,-121,175,90,1,211.5702479,-25
135,108,-136,175,90,1,199.2647059,-25
135,108,-148,175,90,1,191.2162162,-25
115,148,-155,175,90,1,174.1935484,22.2972973
115,148,-164,175,93.09,1,170.1219512,22.2972973
115,148,-171,175,93.09,1,167.251462,22.2972973
115,148,-175,174,96.55,1,165.7142857,22.2972973
115,148,-183,175,96.55,1,162.8415301,22.2972973
115,148,-191,175,98.58,1,160.2094241,22.2972973
99,148,-197,175,98.58,1,150.2538071,33.10810811
99,148,-205,175,98.58,1,148.2926829,33.10810811
99,148,-207,175,105.88,1,147.826087,33.10810811
99,148,-212,175,105.88,1,146.6981132,33.10810811
99,120,-220,175,105.88,1,145,17.5
121,120,-229,175,107.56,1,152.8384279,-0.833333333
121,120,-238,175,107.56,1,150.8403361,-0.833333333
121,120,-248,175,104.6,1,148.7903226,-0.833333333
121,120,-255,175,104.6,1,147.4509804,-0.833333333
131,120,-257,175,106.33,1,150.9727626,-9.166666667
131,120,-261,175,106.33,1,150.1915709,-9.166666667
131,120,-266,175,104.92,1,149.2481203,-9.166666667
131,139,-272,175,104.92,1,148.1617647,5.755395683
131,139,-276,175,105.96,1,147.4637681,5.755395683
138,139,-277,175,105.96,1,149.8194946,0.71942446
138,139,-284,174,105.17,1,148.5915493,0.71942446
138,139,-293,174,105.17,1,147.0989761,0.71942446
138,139,-308,174,106.49,1,144.8051948,0.71942446
146,139,-317,174,106.49,1,146.0567823,-5.035971223
146,139,-326,175,106.99,1,144.7852761,-5.035971223
146,145,-330,175,106.99,1,144.2424242,-0.689655172
146,145,-338,175,107.88,1,143.1952663,-0.689655172
133,145,-340,175,107.88,1,139.1176471,8.275862069
133,145,-340,175,110.48,1,139.1176471,8.275862069
133,145,-342,175,110.48,1,138.8888889,8.275862069
133,145,-342,175,110.58,1,138.8888889,8.275862069
146,145,-344,175,110.58,1,142.4418605,-0.689655172
146,145,-354,175,108.8,1,141.2429379,-0.689655172
146,145,-366,174,108.8,1,139.8907104,-0.689655172
146,143,-376,164,110.07,1,138.8297872,-2.097902098
141,143,-386,131,110.07,1,136.5284974,1.398601399
141,143,141,90,111.76,0,0,1.398601399
141,143,141,90,90,0,0,1.398601399
141,143,141,90,90,0,0,1.398601399
141,143,141,90,90,0,0,1.398601399
144,143,143,135,90,1,-0.699300699,-0.699300699
144,143,136,163,135,1,-5.882352941,-0.699300699
144,151,134,172,135,1,-7.462686567,4.635761589
166,151,130,156,172,1,-27.69230769,-9.933774834
166,151,124,127,156,1,-33.87096774,-9.933774834
166,151,166,90,127,0,0,-9.933774834
166,151,166,90,90,0,0,-9.933774834
166,151,166,90,90,0,0,-9.933774834
166,151,166,90,90,0,0,-9.933774834
108,166,108,90,90,0,0,34.93975904
108,166,108,90,90,0,0,34.93975904
108,166,108,90,90,0,0,34.93975904
178,166,178,90,90,0,0,-7.228915663
178,166,178,90,90,0,0,-7.228915663
178,166,178,90,90,0,0,-7.228915663
193,189,193,90,90,0,0,-2.116402116
193,189,192,118,90,1,-0.520833333,-2.116402116
193,189,187,128,118,1,-3.20855615,-2.116402116
198,189,187,130,118,1,-5.882352941,-4.761904762
198,189,190,134,130,1,-4.210526316,-4.761904762
198,189,187,142,130,1,-5.882352941,-4.761904762
212,209,187,147,142,1,-13.36898396,-1.435406699
212,209,177,148,142,1,-19.7740113,-1.435406699
212,209,161,149,148,1,-31.67701863,-1.435406699
209,209,145,155,148,1,-44.13793103,0
209,209,126,159,155,1,-65.87301587,0
209,209,112,160,155,1,-86.60714286,0
209,201,98,158,160,1,-113.2653061,-3.980099502
209,201,89,154,158,1,-134.8314607,-3.980099502
209,201,83,154,154,1,-151.8072289,-3.980099502
209,201,72,155,154,1,-190.2777778,-3.980099502
209,201,65,154,154,1,-221.5384615,-3.980099502
209,201,51,150,154,1,-309.8039216,-3.980099502
209,201,34,152,150,1,-514.7058824,-3.980099502
209,167,17,157,152,1,-1129.411765,-25.1497006
209,167,6,160,152,1,-3383.333333,-25.1497006
0,167,-1,162,152,1,100,100
0,167,-6,154,130,1,100,100
0,167,-2,128,130,1,100,100
0,167,0,90,128,0,0,100
0,167,0,90,90,0,0,100
0,167,0,90,90,0,0,100
33,147,33,90,90,0,0,77.55102041
33,147,33,90,90,0,0,77.55102041
33,147,33,90,90,0,0,77.55102041
194,147,194,90,90,0,0,-31.97278912
194,147,194,90,90,0,0,-31.97278912
194,147,194,90,90,0,0,-31.97278912
178,183,178,90,90,0,0,2.732240437
178,183,178,90,90,0,0,2.732240437
178,183,178,90,90,0,0,2.732240437
178,183,178,90,90,0,0,2.732240437
178,183,178,90,90,0,0,2.732240437
132,183,132,90,90,0,0,27.86885246
132,183,132,90,90,0,0,27.86885246
132,183,132,90,90,0,0,27.86885246
132,183,132,90,90,0,0,27.86885246
132,183,132,90,90,0,0,27.86885246
132,183,132,90,90,0,0,27.86885246
132,108,132,90,90,0,0,-22.22222222
81,108,81,90,90,0,0,25
81,108,81,90,90,0,0,25
81,108,81,90,90,0,0,25
81,108,81,90,90,0,0,25
81,108,81,90,90,0,0,25
81,108,81,90,90,0,0,25
81,108,81,90,90,0,0,25
81,108,81,90,90,0,0,25
81,108,81,90,90,0,0,25
81,108,81,90,90,0,0,25
81,108,81,90,90,0,0,25
81,108,81,90,90,0,0,25
81,108,81,90,90,0,0,25
45,108,45,90,90,0,0,58.33333333
45,108,45,90,90,0,0,58.33333333
45,108,45,90,90,0,0,58.33333333
45,108,45,90,90,0,0,58.33333333
45,108,45,90,90,0,0,58.33333333
45,108,45,90,90,0,0,58.33333333
45,108,45,90,90,0,0,58.33333333
45,108,45,90,90,0,0,58.33333333
45,108,45,90,90,0,0,58.33333333
45,108,45,90,90,0,0,58.33333333
45,108,45,90,90,0,0,58.33333333
45,0,45,90,90,0,0,0
45,47,45,90,90,0,0,4.255319149
48,47,48,90,90,0,0,-2.127659574
48,47,48,90,90,0,0,-2.127659574
48,47,48,90,90,0,0,-2.127659574
48,47,48,90,90,0,0,-2.127659574
48,47,48,90,90,0,0,-2.127659574
48,47,48,95,90,0,0,-2.127659574
48,47,48,95,95,0,0,-2.127659574
48,47,48,90,95,0,0,-2.127659574
72,47,72,90,90,0,0,-53.19148936
72,47,72,90,90,0,0,-53.19148936
72,47,72,90,90,0,0,-53.19148936
72,47,72,90,90,0,0,-53.19148936
72,47,72,90,90,0,0,-53.19148936
72,81,72,90,90,0,0,11.11111111
96,81,96,90,90,0,0,-18.51851852
96,81,96,90,90,0,0,-18.51851852
96,81,96,90,90,0,0,-18.51851852
96,81,96,90,90,0,0,-18.51851852
96,81,96,90,90,0,0,-18.51851852
96,81,96,90,90,0,0,-18.51851852
108,81,108,90,90,0,0,-33.33333333
108,81,108,90,90,0,0,-33.33333333
108,81,108,90,90,0,0,-33.33333333
108,81,108,90,90,0,0,-33.33333333
108,113,108,90,90,0,0,4.424778761
117,113,117,90,90,0,0,-3.539823009
117,113,117,90,90,0,0,-3.539823009
117,113,117,90,90,0,0,-3.539823009
117,113,117,90,90,0,0,-3.539823009
127,113,127,90,90,0,0,-12.38938053
127,113,127,90,90,0,0,-12.38938053
127,113,127,90,90,0,0,-12.38938053
127,113,127,90,90,0,0,-12.38938053
127,130,127,90,90,0,0,2.307692308
133,130,133,90,90,0,0,-2.307692308
133,130,133,90,90,0,0,-2.307692308
133,130,133,90,90,0,0,-2.307692308
133,130,133,90,90,0,0,-2.307692308
145,130,145,90,90,0,0,-11.53846154
145,130,145,90,90,0,0,-11.53846154
145,130,145,90,90,0,0,-11.53846154
145,152,145,90,90,0,0,4.605263158
154,152,154,90,90,0,0,-1.315789474
154,152,154,90,90,0,0,-1.315789474
154,152,154,90,90,0,0,-1.315789474
154,152,154,90,90,0,0,-1.315789474
152,152,152,90,90,0,0,0
152,152,152,90,90,0,0,0
152,152,152,90,90,0,0,0
152,151,152,90,90,0,0,-0.662251656
136,151,136,90,90,0,0,9.933774834
136,151,136,90,90,0,0,9.933774834
136,151,136,90,90,0,0,9.933774834
136,151,136,90,90,0,0,9.933774834
136,151,136,90,90,0,0,9.933774834
129,151,129,90,90,0,0,14.56953642
129,151,129,90,90,0,0,14.56953642
129,151,129,90,90,0,0,14.56953642
129,122,129,90,90,0,0,-5.737704918
129,122,129,90,90,0,0,-5.737704918
112,122,112,90,90,0,0,8.196721311
112,122,112,90,90,0,0,8.196721311
112,122,112,90,90,0,0,8.196721311
112,122,112,90,90,0,0,8.196721311
112,122,112,90,90,0,0,8.196721311
112,122,112,90,90,0,0,8.196721311
97,122,97,90,90,0,0,20.49180328
97,122,97,90,90,0,0,20.49180328
97,122,97,90,90,0,0,20.49180328
97,122,97,90,90,0,0,20.49180328
97,122,97,90,90,0,0,20.49180328
97,94,97,90,90,0,0,-3.191489362
97,94,97,90,90,0,0,-3.191489362
97,94,97,90,90,0,0,-3.191489362
73,94,73,90,90,0,0,22.34042553
73,94,73,90,90,0,0,22.34042553
73,94,73,90,90,0,0,22.34042553
73,94,73,90,90,0,0,22.34042553
73,94,73,90,90,0,0,22.34042553
73,94,73,90,90,0,0,22.34042553
73,94,73,90,90,0,0,22.34042553
73,94,73,90,90,0,0,22.34042553
73,94,73,90,90,0,0,22.34042553
73,94,73,90,90,0,0,22.34042553
73,94,73,90,90,0,0,22.34042553
73,94,73,90,90,0,0,22.34042553
73,94,73,90,90,0,0,22.34042553
73,94,73,90,90,0,0,22.34042553
0,94,0,90,90,0,0,100
0,94,0,90,90,0,0,100
0,94,0,90,90,0,0,100
36,94,36,90,90,0,0,61.70212766
36,94,36,90,90,0,0,61.70212766
36,94,36,90,90,0,0,61.70212766
36,94,36,90,90,0,0,61.70212766
36,0,36,90,90,0,0,0
36,0,36,90,90,0,0,0
36,0,36,90,90,0,0,0
36,0,36,90,90,0,0,0
36,0,36,90,90,0,0,0
36,0,36,90,90,0,0,0
36,0,36,90,90,0,0,0
36,0,36,90,90,0,0,0
36,0,36,90,90,0,0,0
36,0,36,90,90,0,0,0
0,0,0,90,90,0,0,0
0,0,0,90,90,0,0,0
0,0,0,90,90,0,0,0
0,0,0,90,90,0,0,0
0,0,0,90,90,0,0,0
0,0,0,90,90,0,0,0
0,0,0,90,90,0,0,0
0,0,0,90,90,0,0,0
0,0,0,90,90,0,0,0
0,0,0,90,90,0,0,0
0,0,0,90,90,0,0,0
0,0,0,90,90,0,0,0
0,0,0,90,90,0,0,0
0,0,0,90,90,0,0,0
0,0,0,90,90,0,0,0
0,0,0,90,90,0,0,0
0,0,0,90,90,0,0,0
0,0,0,90,90,0,0,0
0,0,0,90,90,0,0,0
0,0,0,90,90,0,0,0
0,0,0,90,90,0,0,0
0,0,0,90,90,0,0,0
0,0,0,90,90,0,0,0
0,0,0,90,90,0,0,0
0,0,0,90,90,0,0,0
0,0,0,90,90,0,0,0
0,0,0,90,90,0,0,0
0,0,0,90,90,0,0,0
0,0,0,90,90,0,0,0
0,0,0,90,90,0,0,0
0,0,0,90,90,0,0,0
0,0,0,90,90,0,0,0
0,0,0,90,90,0,0,0
0,0,0,90,90,0,0,0
0,0,0,90,90,0,0,0
0,0,0,90,90,0,0,0
0,0,0,90,90,0,0,0
0,0,0,90,90,0,0,0
0,0,0,90,90,0,0,0
0,0,0,90,90,0,0,0
0,0,0,90,90,0,0,0
0,0,0,90,90,0,0,0
0,0,0,90,90,0,0,0
0,0,0,90,90,0,0,0
0,0,0,90,90,0,0,0
0,0,0,90,90,0,0,0
0,0,0,90,90,0,0,0
0,0,0,90,90,0,0,0
0,0,0,90,90,0,0,0
0,0,0,90,90,0,0,0
0,0,0,90,90,0,0,0
0,0,0,90,90,0,0,0
0,0,0,90,90,0,0,0
0,0,0,90,90,0,0,0
0,0,0,90,90,0,0,0
0,0,0,90,90,0,0,0
0,0,0,90,90,0,0,0
0,0,0,90,90,0,0,0
0,0,0,90,90,0,0,0
0,0,0,90,90,0,0,0
0,0,0,90,90,0,0,0
0,0,0,90,90,0,0,0
0,0,0,90,90,0,0,0
0,0,0,90,90,0,0,0
0,0,0,90,90,0,0,0
0,0,0,90,90,0,0,0
0,0,0,90,90,0,0,0
0,0,0,90,90,0,0,0
0,0,0,90,90,0,0,0
0,0,0,90,90,0,0,0
0,0,0,90,90,0,0,0
0,0,0,90,90,0,0,0
0,0,0,90,90,0,0,0
0,0,0,90,90,0,0,0
0,0,0,90,90,0,0,0
0,0,0,90,90,0,0,0
0,0,0,90,90,0,0,0
0,0,0,90,90,0,0,0
0,0,0,90,90,0,0,0
0,0,0,90,90,0,0,0
0,0,0,90,90,0,0,0
0,0,0,90,90,0,0,0
0,0,0,90,90,0,0,0
0,0,0,90,90,0,0,0
0,0,0,90,90,0,0,0
0,0,0,90,90,0,0,0
0,0,0,90,90,0,0,0
0,0,0,90,90,0,0,0
0,0,0,90,90,0,0,0
0,0,0,90,90,0,0,0
0,0,0,90,90,0,0,0
0,0,0,90,90,0,0,0
0,0,0,90,90,0,0,0
0,0,0,90,90,0,0,0
0,0,0,90,90,0,0,0
0,0,0,90,90,0,0,0
0,0,0,90,90,0,0,0
0,0,0,90,90,0,0,0
0,0,0,90,90,0,0,0
0,0,0,90,90,0,0,0
0,0,0,90,90,0,0,0
0,0,0,90,90,0,0,0
0,0,0,90,90,0,0,0
0,0,0,90,90,0,0,0
0,0,0,90,90,0,0,0
0,0,0,90,90,0,0,0
0,0,0,90,90,0,0,0
0,0,0,90,90,0,0,0
0,0,0,90,90,0,0,0
0,0,0,90,90,0,0,0
0,0,0,90,90,0,0,0
0,8,0,90,90,0,0,100
0,8,0,90,90,0,0,100
0,8,0,90,90,0,0,100
0,8,0,90,90,0,0,100
0,8,0,90,90,0,0,100
0,8,0,90,90,0,0,100
0,8,0,90,90,0,0,100
4,8,0,90,90,0,0,50
4,8,4,90,90,0,0,50
4,126,4,90,90,0,0,96.82539683
4,126,4,90,90,0,0,96.82539683
4,126,4,90,90,0,0,96.82539683
4,126,4,90,90,0,0,96.82539683
4,126,4,90,90,0,0,96.82539683
4,126,4,90,90,0,0,96.82539683
4,126,4,90,90,0,0,96.82539683
4,170,4,90,90,0,0,97.64705882
4,170,4,90,90,0,0,97.64705882
4,170,4,90,90,0,0,97.64705882
4,170,4,90,90,0,0,97.64705882
0,170,0,90,90,0,0,100
0,170,0,90,90,0,0,100
0,170,0,90,90,0,0,100
0,170,0,90,90,0,0,100
0,170,0,90,90,0,0,100
0,170,0,90,90,0,0,100
0,170,0,90,90,0,0,100
0,170,0,90,90,0,0,100
0,170,0,90,90,0,0,100
0,170,0,90,90,0,0,100
0,170,0,90,90,0,0,100
25,170,25,90,90,0,0,85.29411765
25,170,25,90,90,0,0,85.29411765
25,170,25,90,90,0,0,85.29411765
25,170,25,90,90,0,0,85.29411765
25,65,25,90,90,0,0,61.53846154
25,65,25,90,90,0,0,61.53846154
25,65,25,90,90,0,0,61.53846154
87,65,87,90,90,0,0,-33.84615385
87,65,87,90,90,0,0,-33.84615385
87,65,87,90,90,0,0,-33.84615385
87,65,87,90,90,0,0,-33.84615385
87,65,87,90,90,0,0,-33.84615385
87,65,87,90,90,0,0,-33.84615385
87,65,87,90,90,0,0,-33.84615385
87,65,87,90,90,0,0,-33.84615385
87,65,87,90,90,0,0,-33.84615385
87,65,87,90,90,0,0,-33.84615385
87,65,87,90,90,0,0,-33.84615385
87,65,87,90,90,0,0,-33.84615385
87,65,87,90,90,0,0,-33.84615385
0,65,0,90,90,0,0,100
0,65,0,90,90,0,0,100
0,65,0,90,90,0,0,100
0,65,0,90,90,0,0,100
0,65,0,90,90,0,0,100
0,65,0,90,90,0,0,100
0,65,0,90,90,0,0,100
0,65,0,90,90,0,0,100
0,65,0,90,90,0,0,100
0,0,0,90,90,0,0,0
0,0,0,90,90,0,0,0
0,0,0,90,90,0,0,0
0,0,0,90,90,0,0,0
0,0,0,90,90,0,0,0
0,0,0,90,90,0,0,0
0,0,0,90,90,0,0,0
0,0,0,90,90,0,0,0
0,0,0,90,90,0,0,0
0,0,0,90,90,0,0,0
0,0,0,90,90,0,0,0
0,0,0,90,90,0,0,0
0,0,0,90,90,0,0,0
0,0,0,90,90,0,0,0
16,0,16,90,90,0,0,0
16,0,16,90,90,0,0,0
16,0,16,90,90,0,0,0
16,0,16,90,90,0,0,0
16,0,16,90,90,0,0,0
16,0,16,90,90,0,0,0
16,0,16,90,90,0,0,0
16,0,16,90,90,0,0,0
16,0,16,90,90,0,0,0
16,0,16,90,90,0,0,0
16,0,16,90,90,0,0,0
16,0,16,90,90,0,0,0
0,0,0,90,90,0,0,0
0,0,0,90,90,0,0,0
0,0,0,90,90,0,0,0
0,0,0,90,90,0,0,0
0,0,0,90,90,0,0,0
0,0,0,90,90,0,0,0
0,0,0,90,90,0,0,0
0,0,0,90,90,0,0,0
0,0,0,90,90,0,0,0
0,0,0,90,90,0,0,0
0,0,0,90,90,0,0,0
0,0,0,90,90,0,0,0
0,0,0,90,90,0,0,0
0,0,0,90,90,0,0,0
0,0,0,90,90,0,0,0
0,0,0,90,90,0,0,0
0,0,0,90,90,0,0,0
0,0,0,90,90,0,0,0
0,0,0,90,90,0,0,0
0,0,0,90,90,0,0,0
0,0,0,90,90,0,0,0
0,0,0,90,90,0,0,0
0,0,0,90,90,0,0,0
0,0,0,90,90,0,0,0
0,0,0,90,90,0,0,0
0,0,0,90,90,0,0,0
0,0,0,90,90,0,0,0
0,0,0,90,90,0,0,0
0,0,0,90,90,0,0,0
0,0,0,90,90,0,0,0
0,0,0,90,90,0,0,0
0,0,0,90,90,0,0,0
0,0,0,90,90,0,0,0
0,0,0,90,90,0,0,0
0,0,0,90,90,0,0,0
0,0,0,90,90,0,0,0
0,0,0,90,90,0,0,0
0,0,0,90,90,0,0,0
0,0,0,90,90,0,0,0
0,0,0,90,90,0,0,0
0,0,0,90,90,0,0,0
0,0,0,90,90,0,0,0
0,0,0,90,90,0,0,0
0,0,0,90,90,0,0,0
0,0,0,90,90,0,0,0
0,0,0,90,90,0,0,0
0,0,0,90,90,0,0,0
0,0,0,90,90,0,0,0
0,0,0,90,90,0,0,0
0,0,0,90,90,0,0,0
0,0,0,90,90,0,0,0
0,0,0,90,90,0,0,0
0,0,0,90,90,0,0,0
0,0,0,90,90,0,0,0
0,0,0,90,90,0,0,0
8,0,8,90,90,0,0,0
8,0,8,90,90,0,0,0
8,0,8,90,90,0,0,0
8,0,8,90,90,0,0,0
8,0,8,90,90,0,0,0
8,0,8,90,90,0,0,0
8,0,8,90,90,0,0,0
8,0,8,90,90,0,0,0
8,0,8,90,90,0,0,0
8,0,8,90,90,0,0,0
8,0,8,90,90,0,0,0
8,0,8,90,90,0,0,0
0,0,0,90,90,0,0,0
0,0,0,90,90,0,0,0
0,0,0,90,90,0,0,0
0,0,0,90,90,0,0,0
0,0,0,90,90,0,0,0
0,0,0,90,90,0,0,0
0,0,0,90,90,0,0,0
0,0,0,90,90,0,0,0
0,0,0,90,90,0,0,0
0,0,0,90,90,0,0,0
0,0,0,90,90,0,0,0
0,0,0,90,90,0,0,0
0,0,0,90,90,0,0,0
0,0,0,90,90,0,0,0
0,0,0,90,90,0,0,0
0,0,0,90,90,0,0,0
0,0,0,90,90,0,0,0
0,0,0,90,90,0,0,0
0,0,0,90,90,0,0,0
0,0,0,90,90,0,0,0
0,0,0,90,90,0,0,0
0,0,0,90,90,0,0,0
0,0,0,90,90,0,0,0
0,0,0,90,90,0,0,0
0,0,0,90,90,0,0,0
0,0,0,90,90,0,0,0
0,0,0,90,90,0,0,0
0,0,0,90,90,0,0,0
0,0,0,90,90,0,0,0
0,0,0,90,90,0,0,0
0,0,0,90,90,0,0,0
0,0,0,90,90,0,0,0
0,0,0,90,90,0,0,0
0,0,0,90,90,0,0,0
0,0,0,90,90,0,0,0
0,0,0,90,90,0,0,0
0,0,0,90,90,0,0,0
0,0,0,90,90,0,0,0
0,0,0,90,90,0,0,0
0,0,0,90,90,0,0,0
0,0,0,90,90,0,0,0
0,0,0,90,90,0,0,0
0,0,0,90,90,0,0,0
0,0,0,90,90,0,0,0
0,0,0,90,90,0,0,0
0,0,0,90,90,0,0,0
0,0,0,90,90,0,0,0
0,0,0,90,90,0,0,0
0,0,0,90,90,0,0,0
0,0,0,90,90,0,0,0
0,0,0,90,90,0,0,0
0,0,0,90,90,0,0,0
0,0,0,90,90,0,0,0
0,0,0,90,90,0,0,0
0,0,0,90,90,0,0,0
0,0,0,90,90,0,0,0
0,0,0,90,90,0,0,0
0,0,0,90,90,0,0,0
0,0,0,90,90,0,0,0
0,0,0,90,90,0,0,0
0,0,0,90,90,0,0,0
0,0,0,90,90,0,0,0
0,0,0,90,90,0,0,0
0,0,0,90,90,0,0,0
0,0,0,90,90,0,0,0
0,0,0,90,90,0,0,0
0,0,0,90,90,0,0,0
0,0,0,90,90,0,0,0
0,0,0,90,90,0,0,0
0,0,0,90,90,0,0,0
0,0,0,90,90,0,0,0
0,0,0,90,90,0,0,0
0,0,0,90,90,0,0,0
0,0,0,90,90,0,0,0
0,0,0,90,90,0,0,0
0,0,0,90,90,0,0,0
0,0,0,90,90,0,0,0
0,0,0,90,90,0,0,0
0,0,0,90,90,0,0,0
0,0,0,90,90,0,0,0
0,0,0,90,90,0,0,0
0,0,0,90,90,0,0,0
0,0,0,90,90,0,0,0
0,0,0,90,90,0,0,0
0,0,0,90,90,0,0,0
0,0,0,90,90,0,0,0
0,0,0,90,90,0,0,0
0,0,0,90,90,0,0,0
0,0,0,90,90,0,0,0
0,0,0,90,90,0,0,0
0,0,0,90,90,0,0,0
0,0,0,90,90,0,0,0
0,0,0,90,90,0,0,0
0,0,0,90,90,0,0,0
0,0,0,90,90,0,0,0
0,0,0,90,90,0,0,0
0,0,0,90,90,0,0,0
0,0,0,90,90,0,0,0
0,0,0,90,90,0,0,0
0,0,0,90,90,0,0,0
0,0,0,90,90,0,0,0
0,0,0,90,90,0,0,0
0,0,0,90,90,0,0,0
0,0,0,90,90,0,0,0
0,0,0,90,90,0,0,0
0,0,0,90,90,0,0,0
0,0,0,90,90,0,0,0
0,0,0,90,90,0,0,0
0,0,0,90,90,0,0,0
0,0,0,90,90,0,0,0
0,0,0,90,90,0,0,0
0,0,0,90,90,0,0,0
0,0,0,90,90,0,0,0
0,0,0,90,90,0,0,0
0,0,0,90,90,0,0,0
0,0,0,90,90,0,0,0
0,0,0,90,90,0,0,0
0,0,0,90,90,0,0,0
0,0,0,90,90,0,0,0
0,0,0,90,90,0,0,0
0,0,0,90,90,0,0,0
0,0,0,90,90,0,0,0
0,0,0,90,90,0,0,0
0,0,0,90,90,0,0,0
0,0,0,90,90,0,0,0
0,0,0,90,90,0,0,0
0,0,0,90,90,0,0,0
0,0,0,90,90,0,0,0
0,0,0,90,90,0,0,0
0,0,0,90,90,0,0,0
0,0,0,90,90,0,0,0
0,0,0,90,90,0,0,0
0,0,0,90,90,0,0,0
0,0,0,90,90,0,0,0
0,0,0,90,90,0,0,0
0,0,0,90,90,0,0,0
0,0,0,90,90,0,0,0
0,0,0,90,90,0,0,0
0,0,0,90,90,0,0,0
0,0,0,90,90,0,0,0
0,0,0,90,90,0,0,0
0,0,0,90,90,0,0,0
0,0,0,90,90,0,0,0
0,0,0,90,90,0,0,0
0,0,0,90,90,0,0,0
0,0,0,90,90,0,0,0
0,0,0,90,90,0,0,0
0,0,0,90,90,0,0,0
0,0,0,90,90,0,0,0
0,0,0,90,90,0,0,0
0,0,0,90,90,0,0,0
0,0,0,90,90,0,0,0
0,0,0,90,90,0,0,0
0,0,0,90,90,0,0,0
0,0,0,90,90,0,0,0
0,4,0,90,90,0,0,100
0,4,0,90,90,0,0,100
0,4,0,90,90,0,0,100
0,4,0,90,90,0,0,100
0,4,0,90,90,0,0,100
0,4,0,90,90,0,0,100
0,4,0,90,90,0,0,100
0,4,0,90,90,0,0,100
0,4,0,90,90,0,0,100
0,4,0,90,90,0,0,100
0,4,0,90,90,0,0,100
0,4,0,90,90,0,0,100
0,4,0,90,90,0,0,100
0,4,0,90,90,0,0,100
0,4,0,90,90,0,0,100
0,4,0,90,90,0,0,100
0,4,0,90,90,0,0,100
0,4,0,90,90,0,0,100
0,4,0,90,90,0,0,100
0,4,0,90,90,0,0,100
0,4,0,90,90,0,0,100
0,4,0,90,90,0,0,100
0,4,0,90,90,0,0,100
0,4,0,90,90,0,0,100
0,4,0,90,90,0,0,100
0,4,0,90,90,0,0,100
0,0,0,90,90,0,0,0
0,0,0,90,90,0,0,0
0,0,0,90,90,0,0,0
0,0,0,90,90,0,0,0
0,0,0,90,90,0,0,0
0,0,0,90,90,0,0,0
0,0,0,90,90,0,0,0
0,0,0,90,90,0,0,0
0,0,0,90,90,0,0,0
0,0,0,90,90,0,0,0
0,0,0,90,90,0,0,0
0,0,0,90,90,0,0,0
0,0,0,90,90,0,0,0
0,0,0,90,90,0,0,0
0,0,0,90,90,0,0,0
0,0,0,90,90,0,0,0
0,0,0,90,90,0,0,0
0,0,0,90,90,0,0,0
0,0,0,90,90,0,0,0
0,0,0,90,90,0,0,0
0,0,0,90,90,0,0,0
0,0,0,90,90,0,0,0
0,0,0,90,90,0,0,0
0,0,0,90,90,0,0,0
0,0,0,90,90,0,0,0
0,0,0,90,90,0,0,0
0,0,0,90,90,0,0,0
0,0,0,90,90,0,0,0
0,0,0,90,90,0,0,0
0,0,0,90,90,0,0,0
0,0,0,90,90,0,0,0
0,0,0,90,90,0,0,0
0,0,0,90,90,0,0,0
0,0,0,90,90,0,0,0
0,0,0,90,90,0,0,0
0,0,0,90,90,0,0,0
0,0,0,90,90,0,0,0
0,0,0,90,90,0,0,0
0,0,0,90,90,0,0,0
0,0,0,90,90,0,0,0
0,0,0,90,90,0,0,0
0,0,0,90,90,0,0,0
0,0,0,90,90,0,0,0
0,0,0,90,90,0,0,0
0,0,0,90,90,0,0,0
0,0,0,90,90,0,0,0
0,0,0,90,90,0,0,0
0,0,0,90,90,0,0,0
0,0,0,90,90,0,0,0
0,0,0,90,90,0,0,0
0,0,0,90,90,0,0,0
0,0,0,90,90,0,0,0
0,0,0,90,90,0,0,0
0,0,0,90,90,0,0,0
0,0,0,90,90,0,0,0
0,0,0,90,90,0,0,0
0,0,0,90,90,0,0,0
0,0,0,90,90,0,0,0
0,0,0,90,90,0,0,0
0,0,0,90,90,0,0,0
0,0,0,90,90,0,0,0
0,0,0,90,90,0,0,0
0,0,0,90,90,0,0,0
0,0,0,90,90,0,0,0
0,0,0,90,90,0,0,0
0,0,0,90,90,0,0,0
0,0,0,90,90,0,0,0
0,0,0,90,90,0,0,0
0,0,0,90,90,0,0,0
0,0,0,90,90,0,0,0
0,0,0,90,90,0,0,0
0,0,0,90,90,0,0,0
0,0,0,90,90,0,0,0
0,0,0,90,90,0,0,0
0,0,0,90,90,0,0,0
0,0,0,90,90,0,0,0
0,0,0,90,90,0,0,0
0,0,0,90,90,0,0,0
0,0,0,90,90,0,0,0
0,0,0,90,90,0,0,0
0,0,0,90,90,0,0,0
0,0,0,90,90,0,0,0
0,0,0,90,90,0,0,0
0,0,0,90,90,0,0,0
0,0,0,90,90,0,0,0
0,0,0,90,90,0,0,0
0,0,0,90,90,0,0,0
0,0,0,90,90,0,0,0
0,0,0,90,90,0,0,0
0,0,0,90,90,0,0,0
0,0,0,90,90,0,0,0
0,0,0,90,90,0,0,0
0,0,0,90,90,0,0,0
0,0,0,90,90,0,0,0
0,0,0,90,90,0,0,0
0,0,0,90,90,0,0,0
0,0,0,90,90,0,0,0
0,0,0,90,90,0,0,0
0,0,0,90,90,0,0,0
0,0,0,90,90,0,0,0
0,0,0,90,90,0,0,0
0,0,0,90,90,0,0,0
0,0,0,90,90,0,0,0
0,0,0,90,90,0,0,0
0,0,0,90,90,0,0,0
0,0,0,90,90,0,0,0
0,0,0,90,90,0,0,0
0,0,0,90,90,0,0,0
0,0,0,90,90,0,0,0
0,0,0,90,90,0,0,0
0,0,0,90,90,0,0,0
0,0,0,90,90,0,0,0
0,0,0,90,90,0,0,0
0,0,0,90,90,0,0,0
0,0,0,90,90,0,0,0
0,0,0,90,90,0,0,0
0,0,0,90,90,0,0,0
0,0,0,90,90,0,0,0
0,0,0,90,90,0,0,0
0,0,0,90,90,0,0,0
0,0,0,90,90,0,0,0
0,0,0,90,90,0,0,0
0,0,0,90,90,0,0,0
0,0,0,90,90,0,0,0
0,0,0,90,90,0,0,0
0,0,0,90,90,0,0,0
0,0,0,90,90,0,0,0
0,0,0,90,90,0,0,0
0,0,0,90,90,0,0,0
0,0,0,90,90,0,0,0
0,0,0,90,90,0,0,0
0,0,0,90,90,0,0,0
0,0,0,90,90,0,0,0
0,0,0,90,90,0,0,0
0,0,0,90,90,0,0,0
0,0,0,90,90,0,0,0
0,0,0,90,90,0,0,0
0,0,0,90,90,0,0,0
0,0,0,90,90,0,0,0
0,0,0,90,90,0,0,0
0,0,0,90,90,0,0,0
0,0,0,90,90,0,0,0
0,0,0,90,90,0,0,0
0,0,0,90,90,0,0,0
0,0,0,90,90,0,0,0
0,0,0,90,90,0,0,0
0,0,0,90,90,0,0,0
0,0,0,90,90,0,0,0
0,0,0,90,90,0,0,0
0,0,0,90,90,0,0,0
0,0,0,90,90,0,0,0
0,0,0,90,90,0,0,0
0,0,0,90,90,0,0,0
0,0,0,90,90,0,0,0
0,0,0,90,90,0,0,0
0,0,0,90,90,0,0,0
0,0,0,90,90,0,0,0
0,0,0,90,90,0,0,0
0,0,0,90,90,0,0,0
0,0,0,90,90,0,0,0
0,0,0,90,90,0,0,0
0,0,0,90,90,0,0,0
0,0,0,90,90,0,0,0
0,0,0,90,90,0,0,0
0,0,0,90,90,0,0,0
0,0,0,90,90,0,0,0
0,0,0,90,90,0,0,0
0,0,0,90,90,0,0,0
0,0,0,90,90,0,0,0
0,0,0,90,90,0,0,0
0,0,0,90,90,0,0,0
0,0,0,90,90,0,0,0
0,0,0,90,90,0,0,0
0,0,0,90,90,0,0,0
0,0,0,90,90,0,0,0
0,0,0,90,90,0,0,0
0,0,0,90,90,0,0,0
0,0,0,90,90,0,0,0
0,0,0,90,90,0,0,0
0,0,0,90,90,0,0,0
