0,0,0,90,90,0,254.67,545.33,93.99,104.9
0,0,0,90,90,0,254.67,545.33,93.99,104.9
0,0,0,90,90,0,254.67,545.33,93.99,104.9
0,0,0,90,90,0,254.67,545.33,93.99,104.9
0,0,0,90,90,0,254.67,545.33,93.99,104.9
0,0,0,90,90,0,254.67,545.33,93.99,104.9
0,0,0,90,90,0,254.67,545.33,93.99,104.9
0,0,0,90,90,0,254.67,545.33,93.99,104.9
0,0,0,90,90,0,254.67,545.33,93.99,104.9
0,0,0,90,90,0,254.67,545.33,93.99,104.9
0,0,0,90,90,0,254.67,545.33,93.99,104.9
0,0,0,90,90,0,254.67,545.33,93.99,104.9
0,0,0,90,90,0,254.67,545.33,93.99,104.9
0,0,0,90,90,0,254.67,545.33,93.99,104.9
0,0,0,90,90,0,254.67,545.33,93.99,104.9
0,0,0,90,90,0,254.67,545.33,93.99,104.9
0,0,0,90,90,0,254.67,545.33,93.99,104.9
0,0,0,90,90,0,254.67,545.33,93.99,104.9
0,0,0,90,90,0,254.67,545.33,93.99,104.9
0,0,0,90,90,0,254.67,545.33,93.99,104.9
0,0,0,90,90,0,254.67,545.33,93.99,104.9
0,0,0,90,90,0,254.67,545.33,93.99,104.9
0,0,0,90,90,0,254.67,545.33,93.99,104.9
0,0,0,90,90,0,254.67,545.33,93.99,104.9
0,0,0,90,90,0,254.67,545.33,93.99,104.9
0,0,0,90,90,0,254.67,545.33,93.99,104.9
0,0,0,90,90,0,254.67,545.33,93.99,104.9
0,0,0,90,90,0,254.67,545.33,93.99,104.9
0,0,0,90,90,0,254.67,545.33,93.99,104.9
0,0,0,90,90,0,254.67,545.33,93.99,104.9
0,0,0,90,90,0,254.67,545.33,93.99,104.9
0,0,0,90,90,0,254.67,545.33,93.99,104.9
0,0,0,90,90,0,254.67,545.33,93.99,104.9
0,0,0,90,90,0,254.67,545.33,93.99,104.9
0,0,0,90,90,0,254.67,545.33,93.99,104.9
0,0,0,90,90,0,254.67,545.33,93.99,104.9
0,0,0,90,90,0,254.67,545.33,93.99,104.9
0,0,0,90,90,0,254.67,545.33,93.99,104.9
0,0,0,90,90,0,254.67,545.33,93.99,104.9
0,0,0,90,90,0,254.67,545.33,93.99,104.9
0,0,0,90,90,0,254.67,545.33,93.99,104.9
0,0,0,90,90,0,254.67,545.33,93.99,104.9
0,0,0,90,90,0,254.67,545.33,93.99,104.9
0,0,0,90,90,0,254.67,545.33,93.99,104.9
0,0,0,90,90,0,254.67,545.33,93.99,104.9
0,0,0,90,90,0,254.67,545.33,93.99,104.9
0,0,0,90,90,0,254.67,545.33,93.99,104.9
0,0,0,90,90,0,254.67,545.33,93.99,104.9
0,0,0,90,90,0,254.67,545.33,93.99,104.9
0,0,0,90,90,0,254.67,545.33,93.99,104.9
0,0,0,90,90,0,254.67,545.33,93.99,104.9
0,0,0,90,90,0,254.67,545.33,93.99,104.9
0,0,0,90,90,0,254.67,545.33,93.99,104.9
0,0,0,90,90,0,254.67,545.33,93.99,104.9
0,0,0,90,90,0,254.67,545.33,93.99,104.9
0,0,0,90,90,0,254.67,545.33,93.99,104.9
0,0,0,90,90,0,254.67,545.33,93.99,104.9
0,0,0,90,90,0,254.67,545.33,93.99,104.9
0,0,0,90,90,0,254.67,545.33,93.99,104.9
0,0,0,90,90,0,254.67,545.33,93.99,104.9
0,0,0,90,90,0,254.67,545.33,93.99,104.9
0,0,0,90,90,0,254.67,545.33,93.99,104.9
0,0,0,90,90,0,254.67,545.33,93.99,104.9
0,0,0,90,90,0,254.67,545.33,93.99,104.9
0,0,0,90,90,0,254.67,545.33,93.99,104.9
0,0,0,90,90,0,254.67,545.33,93.99,104.9
0,0,0,90,90,0,254.67,545.33,93.99,104.9
0,0,0,90,90,0,254.67,545.33,93.99,104.9
0,0,0,90,90,0,254.67,545.33,93.99,104.9
0,0,0,90,90,0,254.67,545.33,93.99,104.9
0,0,0,90,90,0,254.67,545.33,93.99,104.9
0,0,0,90,90,0,254.67,545.33,93.99,104.9
0,0,0,90,90,0,254.67,545.33,93.99,104.9
0,0,0,90,90,0,254.67,545.33,93.99,104.9
0,0,0,90,90,0,254.67,545.33,93.99,104.9
0,0,0,90,90,0,254.67,545.33,93.99,104.9
0,0,0,90,90,0,254.67,545.33,93.99,104.9
0,0,0,90,90,0,254.67,545.33,93.99,104.9
0,0,0,90,90,0,254.67,545.33,93.99,104.9
0,0,0,90,90,0,254.67,545.33,93.99,104.9
0,0,0,90,90,0,254.67,545.33,93.99,104.9
0,0,0,90,90,0,254.67,545.33,93.99,104.9
0,0,0,90,90,0,254.67,545.33,93.99,104.9
0,0,0,90,90,0,254.67,545.33,93.99,104.9
0,0,0,90,90,0,254.67,545.33,93.99,104.9
0,0,0,90,90,0,254.67,545.33,93.99,104.9
0,0,0,90,90,0,254.67,545.33,93.99,104.9
0,0,0,90,90,0,254.67,545.33,93.99,104.9
0,0,0,90,90,0,254.67,545.33,93.99,104.9
0,0,0,90,90,0,254.67,545.33,93.99,104.9
0,0,0,90,90,0,254.67,545.33,93.99,104.9
0,0,0,90,90,0,254.67,545.33,93.99,104.9
0,0,0,90,90,0,254.67,545.33,93.99,104.9
0,0,0,90,90,0,254.67,545.33,93.99,104.9
0,0,0,90,90,0,254.67,545.33,93.99,104.9
0,0,0,90,90,0,254.67,545.33,93.99,104.9
0,0,0,90,90,0,254.67,545.33,93.99,104.9
0,0,0,90,90,0,254.67,545.33,93.99,104.9
0,0,0,90,90,0,254.67,545.33,93.99,104.9
0,0,0,90,90,0,254.67,545.33,93.99,104.9
0,0,0,90,90,0,254.67,545.33,93.99,104.9
0,0,0,90,90,0,254.67,545.33,93.99,104.9
0,0,0,90,90,0,254.67,545.33,93.99,104.9
0,0,0,90,90,0,254.67,545.33,93.99,104.9
0,0,0,90,90,0,254.67,545.33,93.99,104.9
0,0,0,90,90,0,254.67,545.33,93.99,104.9
0,0,0,90,90,0,254.67,545.33,93.99,104.9
0,0,0,90,90,0,254.67,545.33,93.99,104.9
0,0,0,90,90,0,254.67,545.33,93.99,104.9
0,0,0,90,90,0,254.67,545.33,93.99,104.9
0,0,0,90,90,0,254.67,545.33,93.99,104.9
0,0,0,90,90,0,254.67,545.33,93.99,104.9
0,0,0,90,90,0,254.67,545.33,93.99,104.9
0,0,0,90,90,0,254.67,545.33,93.99,104.9
0,0,0,90,90,0,254.67,545.33,93.99,104.9
0,0,0,90,90,0,254.67,545.33,93.99,104.9
0,0,0,90,90,0,254.67,545.33,93.99,104.9
0,0,0,90,90,0,254.67,545.33,93.99,104.9
0,0,0,90,90,0,254.67,545.33,93.99,104.9
0,0,0,90,90,0,254.67,545.33,93.99,104.9
0,0,0,90,90,0,254.67,545.33,93.99,104.9
0,0,0,90,90,0,254.67,545.33,93.99,104.9
0,0,0,90,90,0,254.67,545.33,93.99,104.9
0,0,0,90,90,0,254.67,545.33,93.99,104.9
0,0,0,90,90,0,254.67,545.33,93.99,104.9
0,0,0,90,90,0,254.67,545.33,93.99,104.9
0,0,0,90,90,0,254.67,545.33,93.99,104.9
0,0,0,90,90,0,254.67,545.33,93.99,104.9
0,0,0,90,90,0,254.67,545.33,93.99,104.9
0,0,0,90,90,0,254.67,545.33,93.99,104.9
0,0,0,90,90,0,254.67,545.33,93.99,104.9
0,0,0,90,90,0,254.67,545.33,93.99,104.9
0,0,0,90,90,0,254.67,545.33,93.99,104.9
0,0,0,90,90,0,254.67,545.33,93.99,104.9
0,0,0,90,90,0,254.67,545.33,93.99,104.9
0,0,0,90,90,0,254.67,545.33,93.99,104.9
0,0,0,90,90,0,254.67,545.33,93.99,104.9
0,0,0,90,90,0,254.67,545.33,93.99,104.9
0,0,0,90,90,0,254.67,545.33,93.99,104.9
0,0,0,90,90,0,254.67,545.33,93.99,104.9
0,0,0,90,90,0,254.67,545.33,93.99,104.9
0,0,0,90,90,0,254.67,545.33,93.99,104.9
0,0,0,90,90,0,254.67,545.33,93.99,104.9
0,0,0,90,90,0,254.67,545.33,93.99,104.9
0,0,0,90,90,0,254.67,545.33,93.99,104.9
0,0,0,90,90,0,254.67,545.33,93.99,104.9
0,0,0,90,90,0,254.67,545.33,93.99,104.9
0,0,0,90,90,0,254.67,545.33,93.99,104.9
0,0,0,90,90,0,254.67,545.33,93.99,104.9
0,0,0,90,90,0,254.67,545.33,93.99,104.9
0,0,0,90,90,0,254.67,545.33,93.99,104.9
0,0,0,90,90,0,254.67,545.33,93.99,104.9
0,0,0,90,90,0,254.67,545.33,93.99,104.9
0,0,0,90,90,0,254.67,545.33,93.99,104.9
0,0,0,90,90,0,254.67,545.33,93.99,104.9
0,0,0,90,90,0,254.67,545.33,93.99,104.9
0,0,0,90,90,0,254.67,545.33,93.99,104.9
0,0,0,90,90,0,254.67,545.33,93.99,104.9
0,0,0,90,90,0,254.67,545.33,93.99,104.9
0,0,0,90,90,0,254.67,545.33,93.99,104.9
0,0,0,90,90,0,254.67,545.33,93.99,104.9
0,0,0,90,90,0,254.67,545.33,93.99,104.9
0,0,0,90,90,0,254.67,545.33,93.99,104.9
0,0,0,90,90,0,254.67,545.33,93.99,104.9
0,0,0,90,90,0,254.67,545.33,93.99,104.9
0,0,0,90,90,0,254.67,545.33,93.99,104.9
0,0,0,90,90,0,254.67,545.33,93.99,104.9
0,0,0,90,90,0,254.67,545.33,93.99,104.9
0,0,0,90,90,0,254.67,545.33,93.99,104.9
0,0,0,90,90,0,254.67,545.33,93.99,104.9
0,0,0,90,90,0,254.67,545.33,93.99,104.9
0,0,0,90,90,0,254.67,545.33,93.99,104.9
0,0,0,90,90,0,254.67,545.33,93.99,104.9
0,0,0,90,90,0,254.67,545.33,93.99,104.9
0,0,0,90,90,0,254.67,545.33,93.99,104.9
0,0,0,90,90,0,254.67,545.33,93.99,104.9
0,0,0,90,90,0,254.67,545.33,93.99,104.9
0,0,0,90,90,0,254.67,545.33,93.99,104.9
0,0,0,90,90,0,254.67,545.33,93.99,104.9
0,0,0,90,90,0,254.67,545.33,93.99,104.9
0,0,0,90,90,0,254.67,545.33,93.99,104.9
0,0,0,90,90,0,254.67,545.33,93.99,104.9
0,0,0,90,90,0,254.67,545.33,93.99,104.9
0,0,0,90,90,0,254.67,545.33,93.99,104.9
0,0,0,90,90,0,254.67,545.33,93.99,104.9
0,0,0,90,90,0,254.67,545.33,93.99,104.9
0,0,0,90,90,0,254.67,545.33,93.99,104.9
0,0,0,90,90,0,254.67,545.33,93.99,104.9
0,0,0,90,90,0,254.67,545.33,93.99,104.9
0,0,0,90,90,0,254.67,545.33,93.99,104.9
0,0,0,90,90,0,254.67,545.33,93.99,104.9
0,0,0,90,90,0,254.67,545.33,93.99,104.9
0,0,0,90,90,0,254.67,545.33,93.99,104.9
0,0,0,90,90,0,254.67,545.33,93.99,104.9
0,0,0,90,90,0,254.67,545.33,93.99,104.9
0,0,0,90,90,0,254.67,545.33,93.99,104.9
0,0,0,90,90,0,254.67,545.33,93.99,104.9
0,0,0,90,90,0,254.67,545.33,93.99,104.9
0,0,0,90,90,0,254.67,545.33,93.99,104.9
0,0,0,90,90,0,254.67,545.33,93.99,104.9
0,0,0,90,90,0,254.67,545.33,93.99,104.9
0,0,0,90,90,0,254.67,545.33,93.99,104.9
0,0,0,90,90,0,254.67,545.33,93.99,104.9
0,0,0,90,90,0,254.67,545.33,93.99,104.9
0,0,0,90,90,0,254.67,545.33,93.99,104.9
0,0,0,90,90,0,254.67,545.33,93.99,104.9
0,0,0,90,90,0,254.67,545.33,93.99,104.9
0,0,0,90,90,0,254.67,545.33,93.99,104.9
0,0,0,90,90,0,254.67,545.33,93.99,104.9
1,0,0,90,90,0,254.67,545.33,93.99,104.9
0,0,0,90,90,0,254.67,545.33,93.99,104.9
0,0,0,90,90,0,254.67,545.33,93.99,104.9
0,0,0,90,90,0,254.67,545.33,93.99,104.9
0,0,0,90,90,0,254.67,545.33,93.99,104.9
0,0,0,90,90,0,254.67,545.33,93.99,104.9
0,0,0,90,90,0,254.67,545.33,93.99,104.9
0,0,0,90,90,0,254.67,545.33,93.99,104.9
0,0,0,90,90,0,254.67,545.33,93.99,104.9
0,0,0,90,90,0,254.67,545.33,93.99,104.9
0,0,0,90,90,0,254.67,545.33,93.99,104.9
0,0,0,90,90,0,254.67,545.33,93.99,104.9
0,0,0,90,90,0,254.67,545.33,93.99,104.9
0,0,0,90,90,0,254.67,545.33,93.99,104.9
0,0,0,90,90,0,254.67,545.33,93.99,104.9
0,0,0,90,90,0,254.67,545.33,93.99,104.9
0,0,0,90,90,0,254.67,545.33,93.99,104.9
0,0,0,90,90,0,254.67,545.33,93.99,104.9
0,0,0,90,90,0,254.67,545.33,93.99,104.9
0,0,0,90,90,0,254.67,545.33,93.99,104.9
0,0,0,90,90,0,254.67,545.33,93.99,104.9
0,0,0,90,90,0,254.67,545.33,93.99,104.9
0,0,0,90,90,0,254.67,545.33,93.99,104.9
0,0,0,90,90,0,254.67,545.33,93.99,104.9
0,0,0,90,90,0,254.67,545.33,93.99,104.9
0,0,0,90,90,0,254.67,545.33,93.99,104.9
0,0,0,90,90,0,254.67,545.33,93.99,104.9
0,0,0,90,90,0,254.67,545.33,93.99,104.9
0,0,0,90,90,0,254.67,545.33,93.99,104.9
0,0,0,90,90,0,254.67,545.33,93.99,104.9
0,0,0,90,90,0,254.67,545.33,93.99,104.9
0,0,0,90,90,0,254.67,545.33,93.99,104.9
0,0,0,90,90,0,254.67,545.33,93.99,104.9
0,0,0,90,90,0,254.67,545.33,93.99,104.9
0,0,0,90,90,0,254.67,545.33,93.99,104.9
0,0,0,90,90,0,254.67,545.33,93.99,104.9
0,0,0,90,90,0,254.67,545.33,93.99,104.9
0,0,0,90,90,0,254.67,545.33,93.99,104.9
0,0,0,90,90,0,254.67,545.33,93.99,104.9
0,0,0,90,90,0,254.67,545.33,93.99,104.9
0,0,0,90,90,0,254.67,545.33,93.99,104.9
0,0,0,90,90,0,254.67,545.33,93.99,104.9
0,0,0,90,90,0,254.67,545.33,93.99,104.9
0,0,0,90,90,0,254.67,545.33,93.99,104.9
0,0,0,90,90,0,254.67,545.33,93.99,104.9
0,0,0,90,90,0,254.67,545.33,93.99,104.9
0,0,0,90,90,0,254.67,545.33,93.99,104.9
0,0,0,90,90,0,254.67,545.33,93.99,104.9
0,0,0,90,90,0,254.67,545.33,93.99,104.9
0,0,0,90,90,0,254.67,545.33,93.99,104.9
0,0,0,90,90,0,254.67,545.33,93.99,104.9
0,0,0,90,90,0,254.67,545.33,93.99,104.9
0,0,0,90,90,0,254.67,545.33,93.99,104.9
0,0,0,90,90,0,254.67,545.33,93.99,104.9
0,0,0,90,90,0,254.67,545.33,93.99,104.9
0,0,0,90,90,0,254.67,545.33,93.99,104.9
0,0,0,90,90,0,254.67,545.33,93.99,104.9
0,0,0,90,90,0,254.67,545.33,93.99,104.9
0,0,0,90,90,0,254.67,545.33,93.99,104.9
0,0,0,90,90,0,254.67,545.33,93.99,104.9
0,0,0,90,90,0,254.67,545.33,93.99,104.9
0,0,0,90,90,0,254.67,545.33,93.99,104.9
0,0,0,90,90,0,254.67,545.33,93.99,104.9
0,0,0,90,90,0,254.67,545.33,93.99,104.9
0,0,0,90,90,0,254.67,545.33,93.99,104.9
0,0,0,90,90,0,254.67,545.33,93.99,104.9
9,0,9,90,90,0,254.67,545.33,93.99,104.9
0,0,0,90,90,0,254.67,545.33,93.99,104.9
0,0,0,90,90,0,254.67,545.33,93.99,104.9
0,0,0,90,90,0,254.67,545.33,93.99,104.9
0,0,0,90,90,0,254.67,545.33,93.99,104.9
0,0,0,90,90,0,254.67,545.33,93.99,104.9
0,0,0,90,90,0,254.67,545.33,93.99,104.9
0,0,0,90,90,0,254.67,545.33,93.99,104.9
0,0,0,90,90,0,254.67,545.33,93.99,104.9
0,0,0,90,90,0,254.67,545.33,93.99,104.9
0,0,0,90,90,0,254.67,545.33,93.99,104.9
0,0,0,90,90,0,254.67,545.33,93.99,104.9
0,0,0,90,90,0,254.67,545.33,93.99,104.9
0,0,0,90,90,0,254.67,545.33,93.99,104.9
0,0,0,90,90,0,254.67,545.33,93.99,104.9
0,0,0,90,90,0,254.67,545.33,93.99,104.9
0,0,0,90,90,0,254.67,545.33,93.99,104.9
0,0,0,90,90,0,254.67,545.33,93.99,104.9
0,0,0,90,90,0,254.67,545.33,93.99,104.9
0,0,0,90,90,0,254.67,545.33,93.99,104.9
0,0,0,90,90,0,254.67,545.33,93.99,104.9
0,0,0,90,90,0,254.67,545.33,93.99,104.9
0,0,0,90,90,0,254.67,545.33,93.99,104.9
0,0,0,90,90,0,254.67,545.33,93.99,104.9
0,0,0,90,90,0,254.67,545.33,93.99,104.9
0,0,0,90,90,0,254.67,545.33,93.99,104.9
0,0,0,90,90,0,254.67,545.33,93.99,104.9
0,0,0,90,90,0,254.67,545.33,93.99,104.9
0,0,0,90,90,0,254.67,545.33,93.99,104.9
0,0,0,90,90,0,254.67,545.33,93.99,104.9
0,0,0,90,90,0,254.67,545.33,93.99,104.9
0,0,0,90,90,0,254.67,545.33,93.99,104.9
0,0,0,90,90,0,254.67,545.33,93.99,104.9
0,0,0,90,90,0,254.67,545.33,93.99,104.9
0,0,0,90,90,0,254.67,545.33,93.99,104.9
0,0,0,90,90,0,254.67,545.33,93.99,104.9
0,0,0,90,90,0,254.67,545.33,93.99,104.9
0,0,0,90,90,0,254.67,545.33,93.99,104.9
0,0,0,90,90,0,254.67,545.33,93.99,104.9
0,0,0,90,90,0,254.67,545.33,93.99,104.9
0,0,0,90,90,0,254.67,545.33,93.99,104.9
0,0,0,90,90,0,254.67,545.33,93.99,104.9
0,0,0,90,90,0,254.67,545.33,93.99,104.9
0,0,0,90,90,0,254.67,545.33,93.99,104.9
0,0,0,90,90,0,254.67,545.33,93.99,104.9
0,0,0,90,90,0,254.67,545.33,93.99,104.9
0,0,0,90,90,0,254.67,545.33,93.99,104.9
0,0,0,90,90,0,254.67,545.33,93.99,104.9
0,0,0,90,90,0,254.67,545.33,93.99,104.9
0,0,0,90,90,0,254.67,545.33,93.99,104.9
0,0,0,90,90,0,254.67,545.33,93.99,104.9
0,0,0,90,90,0,254.67,545.33,93.99,104.9
0,0,0,90,90,0,254.67,545.33,93.99,104.9
0,0,0,90,90,0,254.67,545.33,93.99,104.9
0,0,0,90,90,0,254.67,545.33,93.99,104.9
0,0,0,90,90,0,254.67,545.33,93.99,104.9
0,0,0,90,90,0,254.67,545.33,93.99,104.9
0,0,0,90,90,0,254.67,545.33,93.99,104.9
0,0,0,90,90,0,254.67,545.33,93.99,104.9
0,0,0,90,90,0,254.67,545.33,93.99,104.9
0,0,0,90,90,0,254.67,545.33,93.99,104.9
0,0,0,90,90,0,254.67,545.33,93.99,104.9
0,0,0,90,90,0,254.67,545.33,93.99,104.9
0,0,0,90,90,0,254.67,545.33,93.99,104.9
0,0,0,90,90,0,254.67,545.33,93.99,104.9
0,0,0,90,90,0,254.67,545.33,93.99,104.9
0,0,0,90,90,0,254.67,545.33,93.99,104.9
0,0,0,90,90,0,254.67,545.33,93.99,104.9
0,0,0,90,90,0,254.67,545.33,93.99,104.9
0,0,0,90,90,0,254.67,545.33,93.99,104.9
0,0,0,90,90,0,254.67,545.33,93.99,104.9
0,0,0,90,90,0,254.67,545.33,93.99,104.9
0,0,0,90,90,0,254.67,545.33,93.99,104.9
0,0,0,90,90,0,254.67,545.33,93.99,104.9
0,0,0,90,90,0,254.67,545.33,93.99,104.9
0,0,0,90,90,0,254.67,545.33,93.99,104.9
0,0,0,90,90,0,254.67,545.33,93.99,104.9
0,0,0,90,90,0,254.67,545.33,93.99,104.9
0,0,0,90,90,0,254.67,545.33,93.99,104.9
0,0,0,90,90,0,254.67,545.33,93.99,104.9
0,0,0,90,90,0,254.67,545.33,93.99,104.9
0,0,0,90,90,0,254.67,545.33,93.99,104.9
0,0,0,90,90,0,254.67,545.33,93.99,104.9
0,0,0,90,90,0,254.67,545.33,93.99,104.9
0,0,0,90,90,0,254.67,545.33,93.99,104.9
0,0,0,90,90,0,254.67,545.33,93.99,104.9
0,0,0,90,90,0,254.67,545.33,93.99,104.9
0,0,0,90,90,0,254.67,545.33,93.99,104.9
0,0,0,90,90,0,254.67,545.33,93.99,104.9
0,0,0,90,90,0,254.67,545.33,93.99,104.9
0,0,0,90,90,0,254.67,545.33,93.99,104.9
0,0,0,90,90,0,254.67,545.33,93.99,104.9
0,0,0,90,90,0,254.67,545.33,93.99,104.9
0,0,0,90,90,0,254.67,545.33,93.99,104.9
0,0,0,90,90,0,254.67,545.33,93.99,104.9
0,0,0,90,90,0,254.67,545.33,93.99,104.9
0,0,0,90,90,0,254.67,545.33,93.99,104.9
0,0,0,90,90,0,254.67,545.33,93.99,104.9
0,0,0,90,90,0,254.67,545.33,93.99,104.9
0,0,0,90,90,0,254.67,545.33,93.99,104.9
0,0,0,90,90,0,254.67,545.33,93.99,104.9
0,0,0,90,90,0,254.67,545.33,93.99,104.9
0,0,0,90,90,0,254.67,545.33,93.99,104.9
5,0,5,90,90,0,254.67,545.33,93.99,104.9
0,0,0,90,90,0,254.67,545.33,93.99,104.9
0,0,0,90,90,0,254.67,545.33,93.99,104.9
0,0,0,90,90,0,254.67,545.33,93.99,104.9
0,0,0,90,90,0,254.67,545.33,93.99,104.9
0,0,0,90,90,0,254.67,545.33,93.99,104.9
0,0,0,90,90,0,254.67,545.33,93.99,104.9
0,0,0,90,90,0,254.67,545.33,93.99,104.9
0,0,0,90,90,0,254.67,545.33,93.99,104.9
0,0,0,90,90,0,254.67,545.33,93.99,104.9
0,0,0,90,90,0,254.67,545.33,93.99,104.9
0,0,0,90,90,0,254.67,545.33,93.99,104.9
0,0,0,90,90,0,254.67,545.33,93.99,104.9
0,0,0,90,90,0,254.67,545.33,93.99,104.9
0,0,0,90,90,0,254.67,545.33,93.99,104.9
0,0,0,90,90,0,254.67,545.33,93.99,104.9
0,0,0,90,90,0,254.67,545.33,93.99,104.9
0,0,0,90,90,0,254.67,545.33,93.99,104.9
0,0,0,90,90,0,254.67,545.33,93.99,104.9
0,0,0,90,90,0,254.67,545.33,93.99,104.9
0,0,0,90,90,0,254.67,545.33,93.99,104.9
0,0,0,90,90,0,254.67,545.33,93.99,104.9
0,0,0,90,90,0,254.67,545.33,93.99,104.9
0,0,0,90,90,0,254.67,545.33,93.99,104.9
0,0,0,90,90,0,254.67,545.33,93.99,104.9
0,0,0,90,90,0,254.67,545.33,93.99,104.9
0,0,0,90,90,0,254.67,545.33,93.99,104.9
0,0,0,90,90,0,254.67,545.33,93.99,104.9
0,0,0,90,90,0,254.67,545.33,93.99,104.9
0,0,0,90,90,0,254.67,545.33,93.99,104.9
0,0,0,90,90,0,254.67,545.33,93.99,104.9
0,0,0,90,90,0,254.67,545.33,93.99,104.9
0,0,0,90,90,0,254.67,545.33,93.99,104.9
0,0,0,90,90,0,254.67,545.33,93.99,104.9
0,0,0,90,90,0,254.67,545.33,93.99,104.9
0,0,0,90,90,0,254.67,545.33,93.99,104.9
0,0,0,90,90,0,254.67,545.33,93.99,104.9
0,0,0,90,90,0,254.67,545.33,93.99,104.9
0,0,0,90,90,0,254.67,545.33,93.99,104.9
0,0,0,90,90,0,254.67,545.33,93.99,104.9
0,0,0,90,90,0,254.67,545.33,93.99,104.9
0,0,0,90,90,0,254.67,545.33,93.99,104.9
0,0,0,90,90,0,254.67,545.33,93.99,104.9
0,0,0,90,90,0,254.67,545.33,93.99,104.9
0,0,0,90,90,0,254.67,545.33,93.99,104.9
0,0,0,90,90,0,254.67,545.33,93.99,104.9
0,0,0,90,90,0,254.67,545.33,93.99,104.9
0,0,0,90,90,0,254.67,545.33,93.99,104.9
0,0,0,90,90,0,254.67,545.33,93.99,104.9
0,0,0,90,90,0,254.67,545.33,93.99,104.9
0,0,0,90,90,0,254.67,545.33,93.99,104.9
0,0,0,90,90,0,254.67,545.33,93.99,104.9
0,0,0,90,90,0,254.67,545.33,93.99,104.9
0,0,0,90,90,0,254.67,545.33,93.99,104.9
11,0,11,90,90,0,254.67,545.33,93.99,104.9
0,0,0,90,90,0,254.67,545.33,93.99,104.9
0,0,0,90,90,0,254.67,545.33,93.99,104.9
0,0,0,90,90,0,254.67,545.33,93.99,104.9
0,0,0,90,90,0,254.67,545.33,93.99,104.9
0,0,0,90,90,0,254.67,545.33,93.99,104.9
0,0,0,90,90,0,254.67,545.33,93.99,104.9
0,0,0,90,90,0,254.67,545.33,93.99,104.9
0,0,0,90,90,0,254.67,545.33,93.99,104.9
0,0,0,90,90,0,254.67,545.33,93.99,104.9
0,0,0,90,90,0,254.67,545.33,93.99,104.9
0,0,0,90,90,0,254.67,545.33,93.99,104.9
0,0,0,90,90,0,254.67,545.33,93.99,104.9
0,0,0,90,90,0,254.67,545.33,93.99,104.9
0,0,0,90,90,0,254.67,545.33,93.99,104.9
0,0,0,90,90,0,254.67,545.33,93.99,104.9
0,0,0,90,90,0,254.67,545.33,93.99,104.9
0,0,0,90,90,0,254.67,545.33,93.99,104.9
0,0,0,90,90,0,254.67,545.33,93.99,104.9
0,0,0,90,90,0,254.67,545.33,93.99,104.9
28,1,28,90,90,0,254.67,545.33,93.99,104.9
28,1,28,90,90,0,254.67,545.33,93.99,104.9
0,0,0,90,90,0,254.67,545.33,93.99,104.9
0,0,0,90,90,0,254.67,545.33,93.99,104.9
152,0,0,90,90,0,254.67,545.33,93.99,104.9
152,0,152,90,90,0,254.67,545.33,93.99,104.9
0,0,0,90,90,0,254.67,545.33,93.99,104.9
204,170,204,90,90,0,254.67,545.33,93.99,104.9
0,170,0,90,90,0,254.67,545.33,93.99,104.9
0,0,0,90,90,0,254.67,545.33,93.99,104.9
251,0,251,90,90,0,254.67,545.33,93.99,104.9
0,284,0,90,90,0,254.67,545.33,93.99,104.9
320,284,320,90,90,0,254.67,545.33,93.99,104.9
359,284,359,90,90,0,254.67,545.33,93.99,104.9
0,383,359,90,90,0,254.67,545.33,93.99,104.9
374,383,374,90,90,0,254.67,545.33,93.99,104.9
406,383,406,90,90,0,254.67,545.33,93.99,104.9
406,435,406,90,90,0,254.67,545.33,93.99,104.9
427,435,427,90,90,0,254.67,545.33,93.99,104.9
441,482,441,90,90,0,254.67,545.33,93.99,104.9
440,482,440,90,90,0,254.67,545.33,93.99,104.9
440,482,440,90,90,0,254.67,545.33,93.99,104.9
411,461,411,90,90,0,254.67,545.33,93.99,104.9
408,461,408,90,90,0,254.67,545.33,93.99,104.9
408,461,408,90,90,0,254.67,545.33,93.99,104.9
399,432,399,90,90,0,254.67,545.33,93.99,104.9
390,432,390,90,90,0,254.67,545.33,93.99,104.9
390,0,390,90,90,0,254.67,545.33,93.99,104.9
404,416,404,90,90,0,254.67,545.33,93.99,104.9
403,416,403,90,90,0,254.67,545.33,93.99,104.9
0,0,0,90,90,0,254.67,545.33,93.99,104.9
378,406,378,90,90,0,254.67,545.33,93.99,104.9
370,406,370,90,90,0,254.67,545.33,93.99,104.9
370,0,370,90,90,0,254.67,545.33,93.99,104.9
359,377,359,90,90,0,254.67,545.33,93.99,104.9
0,377,359,90,90,0,254.67,545.33,93.99,104.9
368,0,368,90,90,0,254.67,545.33,93.99,104.9
369,370,369,90,90,0,254.67,545.33,93.99,104.9
369,370,369,90,90,0,254.67,545.33,93.99,104.9
373,370,373,90,90,0,254.67,545.33,93.99,104.9
0,380,0,90,90,0,254.67,545.33,93.99,104.9
377,380,377,90,90,0,254.67,545.33,93.99,104.9
382,380,382,90,90,0,254.67,545.33,93.99,104.9
0,405,0,90,90,0,254.67,545.33,93.99,104.9
388,405,388,90,90,0,254.67,545.33,93.99,104.9
391,0,391,90,90,0,254.67,545.33,93.99,104.9
391,420,391,90,90,0,254.67,545.33,93.99,104.9
386,420,386,90,90,0,254.67,545.33,93.99,104.9
399,0,399,90,90,0,254.67,545.33,93.99,104.9
0,446,0,90,90,0,254.67,545.33,93.99,104.9
389,446,389,90,90,0,254.67,545.33,93.99,104.9
385,443,385,90,90,0,254.67,545.33,93.99,104.9
385,443,385,90,90,0,254.67,545.33,93.99,104.9
355,443,355,90,90,0,254.67,545.33,93.99,104.9
0,376,0,90,90,0,254.67,545.33,93.99,104.9
355,376,355,90,90,0,254.67,545.33,93.99,104.9
352,376,352,90,90,0,254.67,545.33,93.99,104.9
352,0,352,90,90,0,254.67,545.33,93.99,104.9
400,379,400,90,90,0,254.67,545.33,93.99,104.9
446,379,446,90,90,0,254.67,545.33,93.99,104.9
513,465,513,90,90,0,254.67,545.33,93.99,104.9
546,465,546,90,90,0,254.67,545.33,93.99,104.9
546,548,546,90,90,0,254.67,545.33,93.99,104.9
566,548,566,90,90,0,254.67,545.33,93.99,104.9
598,617,598,90,90,0,254.67,545.33,93.99,104.9
602,617,602,90,90,0,254.67,545.33,93.99,104.9
561,563,561,90,90,0,254.67,545.33,93.99,104.9
522,563,522,90,90,0,254.67,545.33,93.99,104.9
493,563,493,90,90,0,254.67,545.33,93.99,104.9
515,523,515,90,90,0,254.67,545.33,93.99,104.9
536,523,536,90,90,0,254.67,545.33,93.99,104.9
579,551,579,90,90,0,254.67,545.33,93.99,104.9
608,551,608,90,90,0,254.67,545.33,93.99,104.9
652,620,652,90,90,0,254.67,545.33,93.99,104.9
652,735,652,90,90,0,254.67,545.33,93.99,104.9
366,735,366,90,90,0,254.67,545.33,93.99,104.9
763,780,763,90,90,0,254.67,545.33,93.99,104.9
752,780,752,90,90,0,254.67,545.33,93.99,104.9
717,740,717,90,90,0,254.67,545.33,93.99,104.9
721,736,721,90,90,0,254.67,545.33,93.99,104.9
721,736,721,90,90,0,254.67,545.33,93.99,104.9
741,723,741,90,90,0,254.67,545.33,93.99,104.9
728,746,728,90,90,0,254.67,545.33,93.99,104.9
800,746,800,90,90,0,254.67,545.33,93.99,104.9
841,803,841,90,90,0,254.67,545.33,93.99,104.9
888,875,888,90,90,0,254.67,545.33,93.99,104.9
855,875,855,90,90,0,254.67,545.33,93.99,104.9
863,887,863,90,90,0,254.67,545.33,93.99,104.9
822,840,822,90,90,0,254.67,545.33,93.99,104.9
834,829,834,90,90,0,254.67,545.33,93.99,104.9
831,829,831,90,90,0,254.67,545.33,93.99,104.9
888,868,888,90,90,0,254.67,545.33,93.99,104.9
927,936,927,90,90,0,254.67,545.33,93.99,104.9
975,955,975,90,90,0,254.67,545.33,93.99,104.9
933,955,966,90,90,0,254.67,545.33,93.99,104.9
916,925,916,90,90,0,254.67,545.33,93.99,104.9
902,918,902,90,90,0,254.67,545.33,93.99,104.9
927,949,927,90,90,0,254.67,545.33,93.99,104.9
954,949,954,90,90,0,254.67,545.33,93.99,104.9
1051,951,1051,90,90,0,254.67,545.33,93.99,104.9
1081,1038,1081,90,90,0,254.67,545.33,93.99,104.9
1081,1108,1081,90,90,0,254.67,545.33,93.99,104.9
1055,1085,1055,90,90,0,254.67,545.33,93.99,104.9
1044,1051,1044,90,90,0,254.67,545.33,93.99,104.9
1033,1036,1033,90,90,0,254.67,545.33,93.99,104.9
1047,1024,1047,90,90,0,254.67,545.33,93.99,104.9
1062,1110,1062,90,90,0,254.67,545.33,93.99,104.9
1153,1157,1153,90,90,0,254.67,545.33,93.99,104.9
1153,1146,1153,90,90,0,254.67,545.33,93.99,104.9
1110,1146,1110,90,90,0,254.67,545.33,93.99,104.9
1066,1124,1066,90,90,0,254.67,545.33,93.99,104.9
1066,1066,1066,90,90,0,254.67,545.33,93.99,104.9
1122,1074,1122,90,90,0,254.67,545.33,93.99,104.9
1180,1133,1180,90,90,0,254.67,545.33,93.99,104.9
1204,1187,1204,90,90,0,254.67,545.33,93.99,104.9
1189,1209,1189,90,90,0,254.67,545.33,93.99,104.9
1157,1168,1157,90,90,0,254.67,545.33,93.99,104.9
1157,1164,1157,90,90,0,254.67,545.33,93.99,104.9
1209,1209,1209,90,90,0,254.67,545.33,93.99,104.9
1276,1252,1276,90,90,0,254.67,545.33,93.99,104.9
1315,1281,1315,90,90,0,254.67,545.33,93.99,104.9
1265,1278,1265,90,90,0,254.67,545.33,93.99,104.9
1228,1257,1228,90,90,0,254.67,545.33,93.99,104.9
1223,1239,1223,90,90,0,254.67,545.33,93.99,104.9
1260,1281,1260,90,90,0,254.67,545.33,93.99,104.9
1357,1369,1357,90,90,0,254.67,545.33,93.99,104.9
1357,1369,1357,90,90,0,254.67,545.33,93.99,104.9
1298,1321,1298,90,90,0,254.67,545.33,93.99,104.9
1276,1284,1276,90,90,0,254.67,545.33,93.99,104.9
1270,1276,1270,90,90,0,254.67,545.33,93.99,104.9
663,1336,663,90,90,0,254.67,545.33,93.99,104.9
1388,1366,1388,90,90,0,254.67,545.33,93.99,104.9
1363,1373,1363,90,90,0,254.67,545.33,93.99,104.9
1304,1309,1304,90,90,0,254.67,545.33,93.99,104.9
1298,1306,1298,90,90,0,254.67,545.33,93.99,104.9
1382,1354,1333,90,90,0,254.67,545.33,93.99,104.9
1435,1405,1435,90,90,0,254.67,545.33,93.99,104.9
1428,1478,1428,90,90,0,254.67,545.33,93.99,104.9
1402,1422,1402,90,90,0,254.67,545.33,93.99,104.9
1357,1373,1357,90,90,0,254.67,545.33,93.99,104.9
1402,1385,1402,90,90,0,254.67,545.33,93.99,104.9
1422,1435,1422,90,90,0,254.67,545.33,93.99,104.9
1471,1460,1471,90,90,0,254.67,545.33,93.99,104.9
1408,1449,1408,90,90,0,254.67,545.33,93.99,104.9
1395,1428,1395,90,90,0,254.67,545.33,93.99,104.9
1388,1382,1388,90,90,0,254.67,545.33,93.99,104.9
1471,1456,1471,90,90,0,254.67,545.33,93.99,104.9
1478,1482,1478,90,90,0,254.67,545.33,93.99,104.9
1478,1467,1478,90,90,0,254.67,545.33,93.99,104.9
1428,1415,1428,90,90,0,254.67,545.33,93.99,104.9
1428,1460,1428,90,90,0,254.67,545.33,93.99,104.9
1500,1508,1500,90,90,0,254.67,545.33,93.99,104.9
1515,1523,1515,90,90,0,254.67,545.33,93.99,104.9
1493,1500,1493,90,90,0,254.67,545.33,93.99,104.9
1428,1460,1428,90,90,0,254.67,545.33,93.99,104.9
1471,1460,1471,90,90,0,254.67,545.33,93.99,104.9
1547,1504,1547,90,90,0,254.67,545.33,93.99,104.9
1580,1567,1580,90,90,0,254.67,545.33,93.99,104.9
1539,1555,1539,90,90,0,254.67,545.33,93.99,104.9
1523,1551,1523,90,90,0,254.67,545.33,93.99,104.9
1571,1555,1571,90,90,0,254.67,545.33,93.99,104.9
1605,1588,1605,90,90,0,254.67,545.33,93.99,104.9
1588,1609,1588,90,90,0,254.67,545.33,93.99,104.9
1555,1614,1555,90,90,0,254.67,545.33,93.99,104.9
1515,1489,1515,90,90,0,254.67,545.33,93.99,104.9
1571,1571,1555,90,90,0,254.67,545.33,93.99,104.9
1588,1588,1605,90,90,0,254.67,545.33,93.99,104.9
1596,1588,1596,90,90,0,254.67,545.33,93.99,104.9
1523,1551,1523,90,90,0,254.67,545.33,93.99,104.9
1478,1539,1478,90,90,0,254.67,545.33,93.99,104.9
1563,1555,1563,90,90,0,254.67,545.33,93.99,104.9
1580,1609,1580,90,90,0,254.67,545.33,93.99,104.9
1571,1605,1571,90,90,0,254.67,545.33,93.99,104.9
1539,1539,1539,90,90,0,254.67,545.33,93.99,104.9
1508,1527,1508,90,90,0,254.67,545.33,93.99,104.9
1493,1543,1493,90,90,0,254.67,545.33,93.99,104.9
1523,1543,1523,90,90,0,254.67,545.33,93.99,104.9
1531,1580,1531,90,90,0,254.67,545.33,93.99,104.9
1539,1559,1539,90,90,0,254.67,545.33,93.99,104.9
1531,1555,1531,90,90,0,254.67,545.33,93.99,104.9
1555,1567,1555,90,90,0,254.67,545.33,93.99,104.9
1555,1601,1555,90,90,0,254.67,545.33,93.99,104.9
1523,1580,1523,90,90,0,254.67,545.33,93.99,104.9
1508,1547,1508,90,90,0,254.67,545.33,93.99,104.9
1523,1535,1523,90,90,0,254.67,545.33,93.99,104.9
1539,1551,1539,90,90,0,254.67,545.33,93.99,104.9
1539,1547,1539,90,90,0,254.67,545.33,93.99,104.9
1500,1543,1500,90,90,0,254.67,545.33,93.99,104.9
1523,1531,1523,90,90,0,254.67,545.33,93.99,104.9
1508,1519,1508,90,90,0,254.67,545.33,93.99,104.9
1531,1555,1531,90,90,0,254.67,545.33,93.99,104.9
1515,1519,1515,90,90,0,254.67,545.33,93.99,104.9
1508,1512,1508,90,90,0,254.67,545.33,93.99,104.9
1508,1515,1508,90,90,0,254.67,545.33,93.99,104.9
1471,1519,1471,99,99,0,254.67,545.33,93.99,104.9
1500,1512,1461,135,99,1,79.37,720.63,100.95,115.36
1478,1539,1477,163,115.36,1,396.36,403.64,102.04,110.11
1493,1504,1470,172,110.11,1,73.14,726.86,104,118.54
1449,1496,1458,172,118.54,1,314.17,485.83,105.31,115.03
1485,1493,1471,172,115.03,1,53.58,746.42,107.33,122.25
1478,1508,1464,172,122.25,1,198.94,601.06,108.95,120.97
1493,1482,1468,172,120.97,1,-74.22,874.22,111.31,128.79
1471,1512,1460,172,128.79,1,271.16,528.84,112.74,123.31
1485,1504,1456,172,123.31,1,126.33,673.67,114.56,128.03
1478,1485,1456,172,128.03,1,47.14,752.86,116.59,131.65
1471,1471,1449,173,131.65,1,0,800,118.75,134.75
1456,1504,1452,172,134.75,1,319.15,480.85,120.05,129.66
1422,1467,1447,173,129.66,1,306.75,493.25,121.38,131.24
1428,1453,1444,173,131.24,1,172.06,627.94,123.07,135.63
1422,1478,1448,173,135.63,1,378.89,421.11,124.21,132.63
1435,1442,1436,173,132.63,1,48.54,751.46,126.24,141.27
1408,1439,1430,173,141.27,1,215.43,584.57,127.82,139.51
1415,1435,1427,172,139.51,1,139.37,660.63,129.6,142.81
1395,1449,1428,172,142.81,1,372.67,427.33,130.76,139.3
1408,1442,1407,172,139.3,1,235.78,564.22,132.28,143.56
1388,1425,1397,172,143.56,1,259.65,540.35,133.74,144.54
1395,1425,1387,172,144.54,1,210.53,589.47,135.33,147.12
1376,1398,1362,172,147.12,1,157.37,642.63,137.06,149.92
1327,1395,1367,172,149.92,1,487.46,312.54,137.91,144.16
1321,1363,1348,172,144.16,1,308.14,491.86,139.24,149.07
1304,1363,1327,172,149.07,1,432.87,367.13,140.23,147.57
1276,1339,1323,173,147.57,1,470.5,329.5,141.12,147.71
1321,1363,1295,173,147.71,1,308.14,491.86,142.44,152.28
1309,1354,1296,173,152.28,1,332.35,467.65,143.71,153.06
1309,1345,1275,173,153.06,1,267.66,532.34,145.14,155.79
1281,1321,1271,173,155.79,1,302.8,497.2,146.49,156.43
1298,1327,1260,173,156.43,1,218.54,581.46,148.06,159.69
1254,1321,1222,173,159.69,1,507.19,292.81,148.85,154.7
1223,1284,1228,173,154.7,1,475.08,324.92,149.73,156.22
1204,1257,1223,173,156.22,1,421.64,378.36,150.75,158.31
1175,1262,1189,173,158.31,1,689.38,110.62,151.05,153.26
1166,1228,1183,173,153.26,1,504.89,295.11,151.84,157.74
1153,1204,1164,173,157.74,1,423.59,376.41,152.86,160.39
1139,1199,1145,172,160.39,1,500.42,299.58,153.67,159.66
1139,1175,1134,173,159.66,1,306.38,493.62,155,164.87
1114,1182,1122,173,164.87,1,575.3,224.7,155.61,160.1
1070,1150,1103,172,160.1,1,695.65,104.35,155.89,157.98
995,1124,1086,172,157.98,1,1147.69,-347.69,154.95,148
1036,1131,1061,173,148,1,839.96,-39.96,154.84,154.04
995,1095,1057,173,154.04,1,913.24,-113.24,154.54,152.27
878,1078,1045,173,152.27,1,1855.29,-1055.29,151.69,130.58
979,1055,1029,173,130.58,1,720.38,79.62,151.9,153.49
957,1031,1017,173,153.49,1,717.75,82.25,152.12,153.77
963,1031,1016,173,153.77,1,659.55,140.45,152.5,155.31
957,1031,998,173,155.31,1,717.75,82.25,152.73,154.37
951,998,984,173,154.37,1,470.94,329.06,153.61,160.19
924,974,967,173,160.19,1,513.35,286.65,154.39,160.12
891,974,976,173,160.12,1,852.16,-52.16,154.25,153.2
875,940,972,174,153.2,1,691.49,108.51,154.54,156.71
807,940,960,173,156.71,1,1414.89,-614.89,152.88,140.58
785,906,940,173,140.58,1,1335.54,-535.54,151.43,140.72
800,880,921,173,140.72,1,909.09,-109.09,151.14,148.96
831,858,899,173,148.96,1,314.69,485.31,152.45,162.16
818,858,885,173,162.16,1,466.2,333.8,153.35,160.03
761,848,869,173,160.03,1,1025.94,-225.94,152.74,148.22
787,820,848,173,148.22,1,402.44,397.56,153.81,161.77
730,820,828,173,161.77,1,1097.56,-297.56,153.01,147.06
731,782,818,173,147.06,1,652.17,147.83,153.41,156.37
723,785,788,173,156.37,1,789.81,10.19,153.44,153.64
702,785,778,174,153.64,1,1057.32,-257.32,152.74,147.6
719,746,765,173,147.6,1,361.93,438.07,153.93,162.69
684,746,751,173,162.69,1,831.1,-31.1,153.84,153.22
671,713,734,173,173,1,831.1,-31.1,153.84,153.22
603,705,733,173,173,1,831.1,-31.1,153.84,153.22
544,705,652,174,174,1,831.1,-31.1,153.84,153.22
0,671,657,173,173,1,831.1,-31.1,153.84,153.22
0,671,647,173,173,1,831.1,-31.1,153.84,153.22
0,648,627,173,173,1,831.1,-31.1,153.84,153.22
0,648,622,173,173,1,831.1,-31.1,153.84,153.22
0,610,607,173,173,1,831.1,-31.1,153.84,153.22
0,610,602,173,173,1,831.1,-31.1,153.84,153.22
0,576,577,173,173,1,831.1,-31.1,153.84,153.22
0,576,566,173,173,1,831.1,-31.1,153.84,153.22
0,542,552,174,173,1,831.1,-31.1,153.84,153.22
0,542,543,173,173,1,831.1,-31.1,153.84,153.22
0,542,527,173,173,1,831.1,-31.1,153.84,153.22
0,491,514,173,173,1,831.1,-31.1,153.84,153.22
0,491,496,173,173,1,831.1,-31.1,153.84,153.22
0,449,488,173,173,1,831.1,-31.1,153.84,153.22
0,449,473,173,173,1,831.1,-31.1,153.84,153.22
0,449,462,173,173,1,831.1,-31.1,153.84,153.22
0,403,448,172,173,1,831.1,-31.1,153.84,153.22
0,403,431,172,173,1,831.1,-31.1,153.84,153.22
0,403,418,172,173,1,831.1,-31.1,153.84,153.22
0,0,398,162,173,1,831.1,-31.1,153.84,153.22
0,347,0,90,173,0,831.1,-31.1,153.84,153.22
0,347,0,90,173,0,831.1,-31.1,153.84,153.22
0,0,0,129,129,1,831.1,-31.1,153.84,153.22
0,0,-15,170,170,1,831.1,-31.1,153.84,153.22
0,308,-41,171,171,1,831.1,-31.1,153.84,153.22
0,308,-63,163,163,1,831.1,-31.1,153.84,153.22
0,0,0,90,90,0,831.1,-31.1,153.84,153.22
21,0,21,90,90,0,831.1,-31.1,153.84,153.22
0,0,21,90,90,0,831.1,-31.1,153.84,153.22
0,226,0,90,90,0,831.1,-31.1,153.84,153.22
191,226,191,90,90,0,831.1,-31.1,153.84,153.22
0,0,0,90,90,0,831.1,-31.1,153.84,153.22
0,0,0,90,90,0,831.1,-31.1,153.84,153.22
242,0,242,90,90,0,831.1,-31.1,153.84,153.22
0,226,0,90,90,0,831.1,-31.1,153.84,153.22
0,226,0,90,90,0,831.1,-31.1,153.84,153.22
166,226,166,90,90,0,831.1,-31.1,153.84,153.22
166,0,166,90,90,0,831.1,-31.1,153.84,153.22
0,0,0,90,90,0,831.1,-31.1,153.84,153.22
0,0,0,90,90,0,831.1,-31.1,153.84,153.22
0,0,0,90,90,0,831.1,-31.1,153.84,153.22
130,0,130,90,90,0,831.1,-31.1,153.84,153.22
0,148,0,90,90,0,831.1,-31.1,153.84,153.22
0,148,0,90,90,0,831.1,-31.1,153.84,153.22
187,148,187,90,90,0,831.1,-31.1,153.84,153.22
0,0,0,90,90,0,831.1,-31.1,153.84,153.22
0,0,0,90,90,0,831.1,-31.1,153.84,153.22
205,0,205,90,90,0,831.1,-31.1,153.84,153.22
0,203,0,90,90,0,831.1,-31.1,153.84,153.22
0,203,0,90,90,0,831.1,-31.1,153.84,153.22
199,0,199,90,90,0,831.1,-31.1,153.84,153.22
0,0,0,90,90,0,831.1,-31.1,153.84,153.22
0,0,0,90,90,0,831.1,-31.1,153.84,153.22
207,0,207,90,90,0,831.1,-31.1,153.84,153.22
0,204,0,90,90,0,831.1,-31.1,153.84,153.22
0,204,0,90,90,0,831.1,-31.1,153.84,153.22
199,0,199,90,90,0,831.1,-31.1,153.84,153.22
0,0,0,90,90,0,831.1,-31.1,153.84,153.22
0,0,0,90,90,0,831.1,-31.1,153.84,153.22
183,0,183,90,90,0,831.1,-31.1,153.84,153.22
0,194,0,90,90,0,831.1,-31.1,153.84,153.22
0,194,0,90,90,0,831.1,-31.1,153.84,153.22
238,0,238,90,90,0,831.1,-31.1,153.84,153.22
0,0,0,90,90,0,831.1,-31.1,153.84,153.22
299,290,299,90,90,0,831.1,-31.1,153.84,153.22
351,290,351,90,90,0,831.1,-31.1,153.84,153.22
0,290,351,90,90,0,831.1,-31.1,153.84,153.22
377,391,377,90,90,0,831.1,-31.1,153.84,153.22
396,391,396,90,90,0,831.1,-31.1,153.84,153.22
396,391,396,90,90,0,831.1,-31.1,153.84,153.22
432,443,432,90,90,0,831.1,-31.1,153.84,153.22
462,443,462,90,90,0,831.1,-31.1,153.84,153.22
491,517,491,90,90,0,831.1,-31.1,153.84,153.22
507,517,491,90,90,0,831.1,-31.1,153.84,153.22
507,569,507,90,90,0,831.1,-31.1,153.84,153.22
484,569,484,90,90,0,831.1,-31.1,153.84,153.22
468,569,468,90,90,0,831.1,-31.1,153.84,153.22
443,527,443,90,90,0,831.1,-31.1,153.84,153.22
443,527,443,90,90,0,831.1,-31.1,153.84,153.22
430,489,430,90,90,0,831.1,-31.1,153.84,153.22
435,489,435,90,90,0,831.1,-31.1,153.84,153.22
451,505,451,90,90,0,831.1,-31.1,153.84,153.22
451,505,451,90,90,0,831.1,-31.1,153.84,153.22
470,566,470,90,90,0,831.1,-31.1,153.84,153.22
533,566,533,90,90,0,831.1,-31.1,153.84,153.22
559,660,559,90,90,0,831.1,-31.1,153.84,153.22
594,660,594,90,90,0,831.1,-31.1,153.84,153.22
602,685,602,90,90,0,831.1,-31.1,153.84,153.22
606,685,606,90,90,0,831.1,-31.1,153.84,153.22
596,671,596,90,90,0,831.1,-31.1,153.84,153.22
572,671,572,90,90,0,831.1,-31.1,153.84,153.22
548,634,548,90,90,0,831.1,-31.1,153.84,153.22
530,634,530,90,90,0,831.1,-31.1,153.84,153.22
512,581,512,90,90,0,831.1,-31.1,153.84,153.22
532,581,532,90,90,0,831.1,-31.1,153.84,153.22
567,573,567,90,90,0,831.1,-31.1,153.84,153.22
608,573,608,90,90,0,831.1,-31.1,153.84,153.22
642,646,608,90,90,0,831.1,-31.1,153.84,153.22
671,711,671,90,90,0,831.1,-31.1,153.84,153.22
671,711,671,90,90,0,831.1,-31.1,153.84,153.22
699,743,699,90,90,0,831.1,-31.1,153.84,153.22
675,743,675,90,90,0,831.1,-31.1,153.84,153.22
665,710,665,90,90,0,831.1,-31.1,153.84,153.22
647,688,647,90,90,0,831.1,-31.1,153.84,153.22
632,688,632,90,90,0,831.1,-31.1,153.84,153.22
656,715,656,90,90,0,831.1,-31.1,153.84,153.22
677,715,656,90,90,0,831.1,-31.1,153.84,153.22
724,747,724,90,90,0,831.1,-31.1,153.84,153.22
750,815,750,90,90,0,831.1,-31.1,153.84,153.22
763,815,763,90,90,0,831.1,-31.1,153.84,153.22
748,830,748,90,90,0,831.1,-31.1,153.84,153.22
712,783,712,90,90,0,831.1,-31.1,153.84,153.22
699,783,699,90,90,0,831.1,-31.1,153.84,153.22
643,735,643,90,90,0,831.1,-31.1,153.84,153.22
659,687,659,90,90,0,831.1,-31.1,153.84,153.22
643,687,643,90,90,0,831.1,-31.1,153.84,153.22
662,696,662,90,90,0,831.1,-31.1,153.84,153.22
714,696,714,90,90,0,831.1,-31.1,153.84,153.22
748,758,748,90,90,0,831.1,-31.1,153.84,153.22
781,815,781,90,90,0,831.1,-31.1,153.84,153.22
836,815,836,90,90,0,831.1,-31.1,153.84,153.22
794,855,794,90,90,0,831.1,-31.1,153.84,153.22
783,806,783,90,90,0,831.1,-31.1,153.84,153.22
742,806,742,90,90,0,831.1,-31.1,153.84,153.22
735,779,735,90,90,0,831.1,-31.1,153.84,153.22
744,779,744,90,90,0,831.1,-31.1,153.84,153.22
744,779,744,90,90,0,831.1,-31.1,153.84,153.22
855,814,855,90,90,0,831.1,-31.1,153.84,153.22
918,918,918,90,90,0,831.1,-31.1,153.84,153.22
921,975,921,90,90,0,831.1,-31.1,153.84,153.22
894,906,894,90,90,0,831.1,-31.1,153.84,153.22
850,906,850,90,90,0,831.1,-31.1,153.84,153.22
853,877,853,90,90,0,831.1,-31.1,153.84,153.22
838,845,838,90,90,0,831.1,-31.1,153.84,153.22
850,845,850,90,90,0,831.1,-31.1,153.84,153.22
858,864,858,90,90,0,831.1,-31.1,153.84,153.22
948,920,948,90,90,0,831.1,-31.1,153.84,153.22
998,985,998,90,90,0,831.1,-31.1,153.84,153.22
972,966,972,90,90,0,831.1,-31.1,153.84,153.22
936,966,936,90,90,0,831.1,-31.1,153.84,153.22
916,949,916,90,90,0,831.1,-31.1,153.84,153.22
907,909,907,90,90,0,831.1,-31.1,153.84,153.22
913,923,913,90,90,0,831.1,-31.1,153.84,153.22
936,995,936,90,90,0,831.1,-31.1,153.84,153.22
1066,995,1066,90,90,0,831.1,-31.1,153.84,153.22
1033,1072,1033,90,90,0,831.1,-31.1,153.84,153.22
1002,1078,1002,90,90,0,831.1,-31.1,153.84,153.22
985,995,985,90,90,0,831.1,-31.1,153.84,153.22
954,958,954,90,90,0,831.1,-31.1,153.84,153.22
966,982,966,90,90,0,831.1,-31.1,153.84,153.22
1044,1044,1044,90,90,0,831.1,-31.1,153.84,153.22
1126,1044,1089,90,90,0,831.1,-31.1,153.84,153.22
1101,1120,1101,90,90,0,831.1,-31.1,153.84,153.22
1106,1118,1106,90,90,0,831.1,-31.1,153.84,153.22
1070,1085,1070,90,90,0,831.1,-31.1,153.84,153.22
1062,1083,1062,90,90,0,831.1,-31.1,153.84,153.22
1110,1070,1110,90,90,0,831.1,-31.1,153.84,153.22
1161,1124,1161,90,90,0,831.1,-31.1,153.84,153.22
599,1201,599,90,90,0,831.1,-31.1,153.84,153.22
1180,1209,1180,90,90,0,831.1,-31.1,153.84,153.22
1148,1159,1148,90,90,0,831.1,-31.1,153.84,153.22
1166,1133,1166,90,90,0,831.1,-31.1,153.84,153.22
1118,1150,1118,90,90,0,831.1,-31.1,153.84,153.22
1180,1228,1180,90,90,0,831.1,-31.1,153.84,153.22
1265,1273,1265,90,90,0,831.1,-31.1,153.84,153.22
1223,1262,1239,90,90,0,831.1,-31.1,153.84,153.22
1213,1239,1213,90,90,0,831.1,-31.1,153.84,153.22
1213,1234,1213,90,90,0,831.1,-31.1,153.84,153.22
1249,1226,1249,90,90,0,831.1,-31.1,153.84,153.22
1333,1268,1333,90,90,0,831.1,-31.1,153.84,153.22
1351,1315,1351,90,90,0,831.1,-31.1,153.84,153.22
1309,1357,1309,90,90,0,831.1,-31.1,153.84,153.22
1298,1278,1298,90,90,0,831.1,-31.1,153.84,153.22
1276,1281,1276,90,90,0,831.1,-31.1,153.84,153.22
1339,1309,1339,90,90,0,831.1,-31.1,153.84,153.22
1388,1369,1388,90,90,0,831.1,-31.1,153.84,153.22
1369,1392,1369,90,90,0,831.1,-31.1,153.84,153.22
1363,1376,1363,90,90,0,831.1,-31.1,153.84,153.22
1321,1373,1321,90,90,0,831.1,-31.1,153.84,153.22
1376,1315,1376,90,90,0,831.1,-31.1,153.84,153.22
1395,1418,1395,90,90,0,831.1,-31.1,153.84,153.22
1442,1422,1442,90,90,0,831.1,-31.1,153.84,153.22
1402,1425,1402,90,90,0,831.1,-31.1,153.84,153.22
1321,1354,1321,90,90,0,831.1,-31.1,153.84,153.22
1339,1315,1339,90,90,0,831.1,-31.1,153.84,153.22
1408,1369,1408,90,90,0,831.1,-31.1,153.84,153.22
1493,1471,1493,90,90,0,831.1,-31.1,153.84,153.22
1456,1500,1456,90,90,0,831.1,-31.1,153.84,153.22
1415,1439,1415,90,90,0,831.1,-31.1,153.84,153.22
1408,1402,1402,90,90,0,831.1,-31.1,153.84,153.22
1471,1408,1471,90,90,0,831.1,-31.1,153.84,153.22
1500,1523,1500,90,90,0,831.1,-31.1,153.84,153.22
1449,1496,1449,90,90,0,831.1,-31.1,153.84,153.22
1435,1456,1435,90,90,0,831.1,-31.1,153.84,153.22
1428,1456,1428,90,90,0,831.1,-31.1,153.84,153.22
1508,1508,1508,90,90,0,831.1,-31.1,153.84,153.22
1563,1571,1571,90,90,0,831.1,-31.1,153.84,153.22
1547,1584,1547,90,90,0,831.1,-31.1,153.84,153.22
1523,1535,1523,90,90,0,831.1,-31.1,153.84,153.22
1515,1508,1515,90,90,0,831.1,-31.1,153.84,153.22
1563,1571,1563,90,90,0,831.1,-31.1,153.84,153.22
1588,1580,1588,90,90,0,831.1,-31.1,153.84,153.22
1571,1567,1571,90,90,0,831.1,-31.1,153.84,153.22
1485,1508,1485,90,90,0,831.1,-31.1,153.84,153.22
1555,1512,1555,90,90,0,831.1,-31.1,153.84,153.22
1640,1601,1640,90,90,0,831.1,-31.1,153.84,153.22
1614,1640,1631,90,90,0,831.1,-31.1,153.84,153.22
1563,1609,1563,90,90,0,831.1,-31.1,153.84,153.22
1555,1539,1555,90,90,0,831.1,-31.1,153.84,153.22
1588,1575,1588,90,90,0,831.1,-31.1,153.84,153.22
1640,1649,1640,90,90,0,831.1,-31.1,153.84,153.22
1649,1631,1649,90,90,0,831.1,-31.1,153.84,153.22
1588,1640,1588,90,90,0,831.1,-31.1,153.84,153.22
1605,1592,1605,90,90,0,831.1,-31.1,153.84,153.22
1696,1673,1696,90,90,0,831.1,-31.1,153.84,153.22
1687,1677,1687,90,90,0,831.1,-31.1,153.84,153.22
1649,1649,1649,90,90,0,831.1,-31.1,153.84,153.22
1622,1609,1622,90,90,0,831.1,-31.1,153.84,153.22
1659,1668,1659,90,90,0,831.1,-31.1,153.84,153.22
1716,1711,1716,90,90,0,831.1,-31.1,153.84,153.22
1649,1706,1649,90,90,0,831.1,-31.1,153.84,153.22
1631,1654,1631,90,90,0,831.1,-31.1,153.84,153.22
1649,1649,1649,90,90,0,831.1,-31.1,153.84,153.22
1696,1682,1696,90,90,0,831.1,-31.1,153.84,153.22
1706,1731,1706,90,90,0,831.1,-31.1,153.84,153.22
1687,1711,1687,90,90,0,831.1,-31.1,153.84,153.22
1696,1677,1696,90,90,0,831.1,-31.1,153.84,153.22
1726,1751,1726,90,90,0,831.1,-31.1,153.84,153.22
1746,1746,1746,90,90,0,831.1,-31.1,153.84,153.22
1706,1767,1706,90,90,0,831.1,-31.1,153.84,153.22
1696,1696,1696,90,90,0,831.1,-31.1,153.84,153.22
1668,1668,1668,90,90,0,831.1,-31.1,153.84,153.22
1640,1654,1640,90,90,0,831.1,-31.1,153.84,153.22
1668,1682,1668,90,90,0,831.1,-31.1,153.84,153.22
1677,1668,1677,90,90,0,831.1,-31.1,153.84,153.22
1668,1691,1668,90,90,0,831.1,-31.1,153.84,153.22
1649,1673,1649,90,90,0,831.1,-31.1,153.84,153.22
1614,1668,1668,90,90,0,831.1,-31.1,153.84,153.22
1640,1673,1640,90,90,0,831.1,-31.1,153.84,153.22
1631,1659,1631,90,90,0,831.1,-31.1,153.84,153.22
1622,1649,1622,90,90,0,831.1,-31.1,153.84,153.22
1640,1649,1640,90,90,0,831.1,-31.1,153.84,153.22
1631,1654,1631,90,90,0,831.1,-31.1,153.84,153.22
1631,1668,1631,90,90,0,831.1,-31.1,153.84,153.22
1649,1691,1649,90,90,0,831.1,-31.1,153.84,153.22
1614,1668,1614,90,90,0,831.1,-31.1,153.84,153.22
1622,1677,1622,90,90,0,831.1,-31.1,153.84,153.22
1631,1668,1640,90,90,0,831.1,-31.1,153.84,153.22
1622,1645,1640,90,90,0,831.1,-31.1,153.84,153.22
1605,1649,1605,90,90,0,831.1,-31.1,153.84,153.22
1605,1659,1605,90,90,0,831.1,-31.1,153.84,153.22
1588,1636,1588,90,90,0,831.1,-31.1,153.84,153.22
1631,1659,1579,133,90,1,168.78,631.22,91.7,104.33
1614,1654,1574,162,104.33,1,241.84,558.16,93.21,104.37
1605,1627,1568,172,104.37,1,135.22,664.78,95.01,108.3
1622,1622,1573,172,108.3,1,0,800,97.17,113.17
1596,1631,1560,172,113.17,1,214.59,585.41,98.75,110.46
1580,1627,1541,172,110.46,1,288.88,511.12,100.13,110.35
1596,1668,1563,172,110.35,1,431.65,368.35,101.12,108.49
1596,1609,1537,172,108.49,1,80.8,719.2,103.06,117.45
1605,1609,1534,173,117.45,1,24.86,775.14,105.16,120.66
1640,1609,1510,172,120.66,1,-192.67,992.67,107.84,127.69
1588,1614,1548,173,127.69,1,161.09,638.91,109.56,122.34
1563,1605,1558,173,122.34,1,261.68,538.32,111.01,121.78
1588,1636,1558,173,121.78,1,293.4,506.6,112.38,122.51
1571,1588,1537,173,122.51,1,107.05,692.95,114.25,128.11
1571,1592,1539,173,128.11,1,131.91,668.09,116.06,129.42
1588,1592,1531,173,129.42,1,25.13,774.87,118.15,133.65
1596,1618,1518,173,133.65,1,135.97,664.03,119.94,133.22
1547,1580,1521,172,133.22,1,208.86,591.14,121.54,133.36
1563,1618,1517,173,133.36,1,339.93,460.07,122.78,131.98
1555,1584,1516,173,131.98,1,183.08,616.92,124.45,136.78
1547,1571,1507,173,136.78,1,152.77,647.23,126.19,139.14
1531,1567,1500,173,139.14,1,229.74,570.26,127.73,139.14
1531,1575,1499,173,139.14,1,279.37,520.63,129.14,139.55
1547,1551,1474,173,139.55,1,25.79,774.21,131.23,146.71
1523,1563,1472,173,146.71,1,255.92,544.08,132.7,143.58
1523,1551,1464,173,143.58,1,180.53,619.47,134.37,146.76
1508,1543,1445,173,146.76,1,226.83,573.17,135.92,147.38
1515,1539,1448,173,147.38,1,155.95,644.05,137.66,150.54
1485,1527,1438,173,150.54,1,275.05,524.95,139.08,149.57
1471,1500,1431,173,149.57,1,193.33,606.67,140.71,152.85
1456,1512,1424,173,152.85,1,370.37,429.63,141.87,150.47
1442,1489,1408,173,150.47,1,315.65,484.35,143.18,152.87
1408,1471,1390,173,152.87,1,428.28,371.72,144.18,151.62
1382,1442,1384,174,151.62,1,416.09,383.91,145.22,152.9
1395,1474,1381,173,152.9,1,535.96,264.04,145.93,151.22
1382,1446,1364,173,151.22,1,442.6,357.4,146.9,154.05
1382,1415,1350,173,154.05,1,233.22,566.78,148.43,159.77
1382,1442,1342,173,159.77,1,416.09,383.91,149.47,157.14
1287,1382,1304,173,157.14,1,687.41,112.59,149.77,152.02
1254,1366,1292,173,152.02,1,819.91,-19.91,149.72,149.32
1270,1351,1269,173,149.32,1,599.56,200.44,150.26,154.27
1218,1360,1237,173,154.27,1,1044.12,-244.12,149.6,144.72
1189,1324,1237,174,144.72,1,1019.64,-219.64,149.01,144.61
1051,1278,1209,173,144.61,1,1776.21,-976.21,146.37,126.85
1189,1292,1192,173,126.85,1,797.21,2.79,146.38,146.43
1239,1260,1176,173,146.43,1,166.67,633.33,148.09,160.75
1223,1241,1162,174,160.75,1,145.04,654.96,149.86,162.95
1204,1249,1167,173,162.95,1,360.29,439.71,151.04,159.84
1175,1231,1143,173,159.84,1,454.91,345.09,151.97,158.88
1078,1239,1116,174,158.88,1,1299.44,-499.44,150.63,140.64
1074,1204,1101,174,140.64,1,1079.73,-279.73,149.87,144.28
1026,1166,1088,174,144.28,1,1200.69,-400.69,148.79,140.78
1101,1166,1068,174,140.78,1,557.46,242.54,149.44,154.29
1070,1148,1047,173,154.29,1,679.44,120.56,149.77,152.18
1074,1112,1034,174,152.18,1,341.73,458.27,151.01,160.17
1058,1110,1025,174,160.17,1,468.47,331.53,151.9,158.53
1022,1091,1001,173,158.53,1,632.45,167.55,152.35,155.71
995,1083,984,173,155.71,1,812.56,-12.56,152.32,152.07
787,1055,962,174,152.07,1,2540.28,-1740.28,147.62,112.82
650,1017,949,174,112.82,1,3608.65,-2808.65,140.04,90
699,1012,944,174,90,1,3092.89,-2292.89,133.85,90
992,1012,946,174,90,1,197.63,602.37,135.47,147.52
988,1010,946,174,147.52,1,217.82,582.18,137.05,148.69
979,1005,950,174,148.69,1,258.71,541.29,138.51,149.33
998,1010,947,174,149.33,1,118.81,681.19,140.35,153.97
1002,1014,930,174,153.97,1,118.34,681.66,142.19,155.82
979,1020,925,174,155.82,1,401.96,398.04,143.26,151.22
969,1020,900,174,151.22,1,500,300,144.07,150.07
924,979,908,174,150.07,1,561.8,238.2,144.71,149.48
913,942,897,174,149.48,1,307.86,492.14,146.04,155.89
907,939,892,174,155.89,1,340.79,459.21,147.28,156.47
886,910,875,174,156.47,1,263.74,536.26,148.73,159.46
811,910,861,174,159.46,1,1087.91,-287.91,147.95,142.2
491,883,829,174,142.2,1,4439.41,-3639.41,138.13,90
491,875,771,174,90,1,4388.57,-3588.57,128.44,90
342,875,758,174,90,1,6091.43,-5291.43,114.15,90
850,849,762,174,90,1,-11.78,811.78,116.34,132.58
836,866,756,174,132.58,1,346.42,453.58,117.57,126.64
838,854,773,174,126.64,1,187.35,612.65,119.22,131.47
838,854,759,174,131.47,1,187.35,612.65,120.88,133.13
841,854,748,174,174,1,187.35,612.65,120.88,133.13
845,864,753,174,174,1,219.91,580.09,175,175
815,864,746,174,174,1,219.91,580.09,175,175
813,849,730,174,174,1,219.91,580.09,175,175
748,813,715,174,174,1,219.91,580.09,175,175
660,813,699,174,174,1,219.91,580.09,175,175
0,778,685,174,173,1,219.91,580.09,175,175
0,746,663,174,173,1,219.91,580.09,175,175
0,746,645,174,173,1,219.91,580.09,175,175
0,731,635,174,173,1,219.91,580.09,175,175
0,731,618,174,173,1,219.91,580.09,175,175
0,697,604,174,173,1,219.91,580.09,175,175
0,671,589,174,173,1,219.91,580.09,175,175
0,671,576,174,173,1,219.91,580.09,175,175
0,654,551,174,173,1,219.91,580.09,175,175
0,654,543,174,173,1,219.91,580.09,175,175
0,615,523,175,173,1,219.91,580.09,175,175
0,615,503,174,173,1,219.91,580.09,175,175
0,587,486,174,173,1,219.91,580.09,175,175
0,587,469,174,173,1,219.91,580.09,175,175
0,555,456,174,173,1,219.91,580.09,175,175
0,555,442,174,173,1,219.91,580.09,175,175
0,555,425,175,173,1,219.91,580.09,175,175
0,522,423,174,173,1,219.91,580.09,175,175
0,522,413,175,173,1,219.91,580.09,175,175
0,493,394,175,173,1,219.91,580.09,175,175
0,493,372,175,173,1,219.91,580.09,175,175
0,493,360,175,173,1,219.91,580.09,175,175
0,447,340,175,173,1,219.91,580.09,175,175
0,447,322,175,173,1,219.91,580.09,175,175
0,0,308,175,173,1,219.91,580.09,175,175
0,398,294,175,173,1,219.91,580.09,175,175
0,398,272,175,173,1,219.91,580.09,175,175
0,0,255,175,173,1,219.91,580.09,175,175
0,349,240,175,173,1,219.91,580.09,175,175
0,349,224,174,173,1,219.91,580.09,175,175
0,349,212,174,173,1,219.91,580.09,175,175
0,0,201,174,173,1,219.91,580.09,175,175
0,283,179,174,173,1,219.91,580.09,175,175
0,283,167,174,173,1,219.91,580.09,175,175
0,283,142,173,173,1,219.91,580.09,175,175
0,0,128,174,173,1,219.91,580.09,175,175
0,0,113,174,173,1,219.91,580.09,175,175
0,0,99,174,173,1,219.91,580.09,175,175
0,0,82,174,173,1,219.91,580.09,175,175
0,191,69,174,173,1,219.91,580.09,175,175
0,191,55,174,173,1,219.91,580.09,175,175
0,0,43,174,173,1,219.91,580.09,175,175
0,0,32,173,173,1,219.91,580.09,175,175
0,0,25,172,173,1,219.91,580.09,175,175
0,0,11,170,173,1,219.91,580.09,175,175
0,0,-24,165,173,1,219.91,580.09,175,175
0,0,-42,162,173,1,219.91,580.09,175,175
0,0,-43,146,173,1,219.91,580.09,175,175
0,0,0,90,173,0,219.91,580.09,175,175
0,0,0,90,173,0,219.91,580.09,175,175
0,0,0,92,173,0,219.91,580.09,175,175
0,0,3,171,171,1,219.91,580.09,175,175
0,0,1,170,170,1,219.91,580.09,175,175
0,0,5,159,159,1,219.91,580.09,175,175
0,0,0,90,90,0,219.91,580.09,175,175
0,0,0,90,90,0,219.91,580.09,175,175
0,0,0,90,90,0,219.91,580.09,175,175
0,0,0,90,90,0,219.91,580.09,175,175
0,0,0,90,90,0,219.91,580.09,175,175
0,0,0,90,90,0,219.91,580.09,175,175
0,0,0,90,90,0,219.91,580.09,175,175
0,0,0,90,90,0,219.91,580.09,175,175
0,0,0,90,90,0,219.91,580.09,175,175
0,0,0,90,90,0,219.91,580.09,175,175
0,0,0,90,90,0,219.91,580.09,175,175
0,0,0,90,90,0,219.91,580.09,175,175
0,0,0,90,90,0,219.91,580.09,175,175
0,0,0,90,90,0,219.91,580.09,175,175
0,0,0,90,90,0,219.91,580.09,175,175
0,0,0,90,90,0,219.91,580.09,175,175
0,0,0,90,90,0,219.91,580.09,175,175
0,0,0,90,90,0,219.91,580.09,175,175
0,0,0,90,90,0,219.91,580.09,175,175
0,0,0,90,90,0,219.91,580.09,175,175
0,0,0,90,90,0,219.91,580.09,175,175
0,0,0,90,90,0,219.91,580.09,175,175
7,0,7,90,90,0,219.91,580.09,175,175
0,0,0,90,90,0,219.91,580.09,175,175
0,30,0,90,90,0,219.91,580.09,175,175
0,30,0,90,90,0,219.91,580.09,175,175
0,0,0,90,90,0,219.91,580.09,175,175
0,0,0,90,90,0,219.91,580.09,175,175
0,0,0,90,90,0,219.91,580.09,175,175
0,0,0,90,90,0,219.91,580.09,175,175
0,0,0,90,90,0,219.91,580.09,175,175
0,0,0,90,90,0,219.91,580.09,175,175
0,0,0,90,90,0,219.91,580.09,175,175
0,0,0,90,90,0,219.91,580.09,175,175
0,0,0,90,90,0,219.91,580.09,175,175
0,0,0,90,90,0,219.91,580.09,175,175
0,0,0,90,90,0,219.91,580.09,175,175
0,0,0,90,90,0,219.91,580.09,175,175
0,0,0,90,90,0,219.91,580.09,175,175
0,0,0,90,90,0,219.91,580.09,175,175
0,0,0,90,90,0,219.91,580.09,175,175
0,0,0,90,90,0,219.91,580.09,175,175
0,0,0,90,90,0,219.91,580.09,175,175
0,0,0,90,90,0,219.91,580.09,175,175
0,0,0,90,90,0,219.91,580.09,175,175
0,0,0,90,90,0,219.91,580.09,175,175
0,0,0,90,90,0,219.91,580.09,175,175
0,0,0,90,90,0,219.91,580.09,175,175
0,0,0,90,90,0,219.91,580.09,175,175
0,0,0,90,90,0,219.91,580.09,175,175
0,0,0,90,90,0,219.91,580.09,175,175
0,42,0,90,90,0,219.91,580.09,175,175
0,42,0,90,90,0,219.91,580.09,175,175
18,42,18,90,90,0,219.91,580.09,175,175
18,0,18,90,90,0,219.91,580.09,175,175
0,0,0,90,90,0,219.91,580.09,175,175
0,0,0,90,90,0,219.91,580.09,175,175
0,0,0,90,90,0,219.91,580.09,175,175
0,0,0,90,90,0,219.91,580.09,175,175
0,0,0,90,90,0,219.91,580.09,175,175
0,0,0,90,90,0,219.91,580.09,175,175
0,0,0,90,90,0,219.91,580.09,175,175
0,0,0,90,90,0,219.91,580.09,175,175
0,0,0,90,90,0,219.91,580.09,175,175
0,0,0,90,90,0,219.91,580.09,175,175
0,0,0,90,90,0,219.91,580.09,175,175
0,0,0,90,90,0,219.91,580.09,175,175
43,0,43,90,90,0,219.91,580.09,175,175
0,0,0,90,90,0,219.91,580.09,175,175
0,0,0,90,90,0,219.91,580.09,175,175
0,0,0,90,90,0,219.91,580.09,175,175
0,0,0,90,90,0,219.91,580.09,175,175
0,0,0,90,90,0,219.91,580.09,175,175
0,0,0,90,90,0,219.91,580.09,175,175
0,0,0,90,90,0,219.91,580.09,175,175
0,0,0,90,90,0,219.91,580.09,175,175
0,0,0,90,90,0,219.91,580.09,175,175
0,0,0,90,90,0,219.91,580.09,175,175
0,0,0,90,90,0,219.91,580.09,175,175
0,0,0,90,90,0,219.91,580.09,175,175
0,0,0,90,90,0,219.91,580.09,175,175
0,0,0,90,90,0,219.91,580.09,175,175
0,0,0,90,90,0,219.91,580.09,175,175
0,0,0,90,90,0,219.91,580.09,175,175
0,0,0,90,90,0,219.91,580.09,175,175
0,0,0,90,90,0,219.91,580.09,175,175
0,0,0,90,90,0,219.91,580.09,175,175
0,0,0,90,90,0,219.91,580.09,175,175
0,0,0,90,90,0,219.91,580.09,175,175
0,0,0,90,90,0,219.91,580.09,175,175
0,0,0,90,90,0,219.91,580.09,175,175
0,0,0,90,90,0,219.91,580.09,175,175
0,0,0,90,90,0,219.91,580.09,175,175
0,0,0,90,90,0,219.91,580.09,175,175
0,0,0,90,90,0,219.91,580.09,175,175
0,0,0,90,90,0,219.91,580.09,175,175
0,0,0,90,90,0,219.91,580.09,175,175
0,0,0,90,90,0,219.91,580.09,175,175
18,0,18,90,90,0,219.91,580.09,175,175
18,0,18,90,90,0,219.91,580.09,175,175
0,0,0,90,90,0,219.91,580.09,175,175
0,0,0,90,90,0,219.91,580.09,175,175
0,0,0,90,90,0,219.91,580.09,175,175
0,0,0,90,90,0,219.91,580.09,175,175
0,0,0,90,90,0,219.91,580.09,175,175
0,0,0,90,90,0,219.91,580.09,175,175
0,0,0,90,90,0,219.91,580.09,175,175
0,0,0,90,90,0,219.91,580.09,175,175
0,0,0,90,90,0,219.91,580.09,175,175
0,0,0,90,90,0,219.91,580.09,175,175
0,0,0,90,90,0,219.91,580.09,175,175
0,0,0,90,90,0,219.91,580.09,175,175
0,0,0,90,90,0,219.91,580.09,175,175
0,0,0,90,90,0,219.91,580.09,175,175
0,0,0,90,90,0,219.91,580.09,175,175
0,0,0,90,90,0,219.91,580.09,175,175
0,0,0,90,90,0,219.91,580.09,175,175
0,0,0,90,90,0,219.91,580.09,175,175
0,0,0,90,90,0,219.91,580.09,175,175
0,0,0,90,90,0,219.91,580.09,175,175
0,0,0,90,90,0,219.91,580.09,175,175
0,0,0,90,90,0,219.91,580.09,175,175
